Id,vader_neg,vader_neu,vader_pos,vader_compound,roberta_neg,roberta_neu,roberta_pos,hybrid_neg,hybrid_neu,hybrid_pos,hybrid_compound,hybrid_sentiment,confidence,ProductId,UserId,ProfileName,HelpfulnessNumerator,HelpfulnessDenominator,Score,Time,Summary,Text
1,0.0,0.695,0.305,0.9441,0.009624231,0.049980387,0.94039536,0.006736961,0.24348627,0.7497767,0.93476975,Positive,0.7497767,B001E4KFG0,A3SGXH7AUHU8GW,delmartian,1,1,5,1303862400,Good Quality Dog Food,I have bought several of the Vitality canned dog food products and have found them all to be of good quality. The product looks more like a stew than a processed meat and it smells better. My Labrador is finicky and she appreciates this product better than  most.
2,0.138,0.862,0.0,-0.5664,0.5089861,0.45241353,0.038600333,0.3976903,0.5752895,0.027020233,-0.49919003,Neutral,0.5752895,B00813GRG4,A1D87F6ZCVE5NK,dll pa,0,0,1,1346976000,Not as Advertised,"Product arrived labeled as Jumbo Salted Peanuts...the peanuts were actually small sized unsalted. Not sure if this was an error or if the vendor intended to represent the product as ""Jumbo""."
3,0.091,0.754,0.155,0.8265,0.003228897,0.09806738,0.8987037,0.029560229,0.29484716,0.6755926,0.8747823,Positive,0.6755926,B000LQOCH0,ABXLMWJIXXAIN,"Natalia Corres ""Natalia Corres""",1,1,4,1219017600,"""Delight"" says it all","This is a confection that has been around a few centuries.  It is a light, pillowy citrus gelatin with nuts - in this case Filberts. And it is cut into tiny squares and then liberally coated with powdered sugar.  And it is a tiny mouthful of heaven.  Not too chewy, and very flavorful.  I highly recommend this yummy treat.  If you are familiar with the story of C.S. Lewis' ""The Lion, The Witch, and The Wardrobe"" - this is the treat that seduces Edmund into selling out his Brother and Sisters to the Witch."
4,0.0,1.0,0.0,0.0,0.0022951285,0.090219185,0.90748566,0.00160659,0.36315346,0.63523996,0.6336334,Positive,0.63523996,B000UA0QIQ,A395BORC6FGVXV,Karl,3,3,2,1307923200,Cough Medicine,If you are looking for the secret ingredient in Robitussin I believe I have found it.  I got this in addition to the Root Beer Extract I ordered (which was good) and made some cherry soda.  The flavor is very medicinal.
5,0.0,0.552,0.448,0.9468,0.0016347276,0.01030247,0.98806286,0.0011443093,0.17281173,0.826044,0.97453976,Positive,0.826044,B006K2ZZ7K,A1UQRSCLF8GW1T,"Michael D. Bigham ""M. Wassir""",0,0,5,1350777600,Great taffy,"Great taffy at a great price.  There was a wide assortment of yummy taffy.  Delivery was very quick.  If your a taffy lover, this is a deal."
6,0.029,0.809,0.163,0.883,0.0061295927,0.021795861,0.97207457,0.012990715,0.2579571,0.7293522,0.9410615,Positive,0.7293522,B006K2ZZ7K,ADT0SRK1MGOEU,Twoapennything,0,0,4,1342051200,Nice Taffy,"I got a wild hair for taffy and ordered this five pound bag. The taffy was all very enjoyable with many flavors: watermelon, root beer, melon, peppermint, grape, etc. My only complaint is there was a bit too much red/black licorice-flavored pieces (just not my particular favorites). Between me, my kids, and my husband, this lasted only two weeks! I would recommend this brand of taffy -- it was a delightful treat."
7,0.034,0.693,0.273,0.9346,0.0013047534,0.007773783,0.99092144,0.011113328,0.21334165,0.775545,0.9731116,Positive,0.775545,B006K2ZZ7K,A1SP2KVKFXXRU1,David C. Sullivan,0,0,5,1340150400,Great!  Just as good as the expensive brands!,"This saltwater taffy had great flavors and was very soft and chewy.  Each candy was individually wrapped well.  None of the candies were stuck together, which did happen in the expensive version, Fralinger's.  Would highly recommend this candy!  I served it at a beach-themed party and everyone loved it!"
8,0.0,0.52,0.48,0.9487,0.002029356,0.005685204,0.9922854,0.0014205492,0.15997964,0.83859974,0.97778916,Positive,0.83859974,B006K2ZZ7K,A3JRGQVEQN31IQ,Pamela G. Williams,0,0,5,1336003200,"Wonderful, tasty taffy",This taffy is so good.  It is very soft and chewy.  The flavors are amazing.  I would definitely recommend you buying it.  Very satisfying!!
9,0.0,0.851,0.149,0.6369,0.0038735815,0.094156355,0.90197,0.002711507,0.32120943,0.67607903,0.81973755,Positive,0.67607903,B000E7L2R4,A1MZYO9TZK0BBI,R. James,1,1,5,1322006400,Yay Barley,Right now I'm mostly just sprouting this so my cats can eat the grass. They love it. I rotate it around with Wheatgrass and Rye too
10,0.0,0.705,0.295,0.8313,0.0031034572,0.05591216,0.9409844,0.00217242,0.2506385,0.7471891,0.9059067,Positive,0.7471891,B00171APVA,A21BT40VZCCYT4,Carol A. Reed,0,0,5,1351209600,Healthy Dog Food,This is a very healthy dog food. Good for their digestion. Also good for small puppies. My dog eats her required amount at every feeding.
11,0.017,0.846,0.137,0.9746,0.019134142,0.07104451,0.90982133,0.018493898,0.30353117,0.67797494,0.9158611,Positive,0.67797494,B0001PB9FE,A3HDKO7OW0QNK4,Canadian Fan,1,1,5,1107820800,The Best Hot Sauce in the World,"I don't know if it's the cactus or the tequila or just the unique combination of ingredients, but the flavour of this hot sauce makes it one of a kind!  We picked up a bottle once on a trip we were on and brought it back home with us and were totally blown away!  When we realized that we simply couldn't find it anywhere in our city we were bummed.<br /><br />Now, because of the magic of the internet, we have a case of the sauce and are ecstatic because of it.<br /><br />If you love hot sauce..I mean really love hot sauce, but don't want a sauce that tastelessly burns your throat, grab a bottle of Tequila Picante Gourmet de Inclan.  Just realize that once you taste it, you will never want to use any other sauce.<br /><br />Thank you for the personal, incredible service!"
12,0.113,0.887,0.0,-0.7579,0.37264326,0.519699,0.107657716,0.29475027,0.62988925,0.0753604,-0.41285992,Neutral,0.62988925,B0009XLVG0,A2725IB4YY9JEB,"A Poeng ""SparkyGoHome""",4,4,5,1282867200,"My cats LOVE this ""diet"" food better than their regular food","One of my boys needed to lose some weight and the other didn't.  I put this food on the floor for the chubby guy, and the protein-rich, no by-product food up higher where only my skinny boy can jump.  The higher food sits going stale.  They both really go for this food.  And my chubby boy has been losing about an ounce a week."
13,0.031,0.923,0.046,0.296,0.46612436,0.4152593,0.11861629,0.33558702,0.56758153,0.0968314,-0.15445566,Neutral,0.56758153,B0009XLVG0,A327PCT23YH90,LT,1,1,1,1339545600,My Cats Are Not Fans of the New Food,"My cats have been happily eating Felidae Platinum for more than two years. I just got a new bag and the shape of the food is different. They tried the new food when I first put it in their bowls and now the bowls sit full and the kitties will not touch the food. I've noticed similar reviews related to formula changes in the past. Unfortunately, I now need to find a new food that my cats will eat."
14,0.0,0.355,0.645,0.9466,0.0014077479,0.0058832797,0.9927089,0.0009854235,0.11061829,0.8883962,0.97789073,Positive,0.8883962,B001GVISJM,A18ECVX2RJ7HUE,"willie ""roadie""",2,2,4,1288915200,fresh and greasy!,good flavor! these came securely packed... they were fresh and delicious! i love these Twizzlers!
15,0.104,0.632,0.264,0.6486,0.0018244234,0.021840967,0.9763346,0.032477096,0.20488869,0.76263416,0.8767371,Positive,0.76263416,B001GVISJM,A2MUGFV2TDQ47K,"Lynrie ""Oh HELL no""",4,5,5,1268352000,Strawberry Twizzlers - Yummy,The Strawberry Twizzlers are my guilty pleasure - yummy. Six pounds will be around for a while with my son and I.
16,0.0,0.861,0.139,0.5719,0.0045621274,0.032325394,0.96311253,0.003193489,0.28092778,0.7158788,0.8425553,Positive,0.7158788,B001GVISJM,A1CZX3CP8IKQIJ,Brian A. Lee,4,5,5,1262044800,"Lots of twizzlers, just what you expect.",My daughter loves twizzlers and this shipment of six pounds really hit the spot. It's exactly what you would expect...six packages of strawberry twizzlers.
17,0.097,0.694,0.209,0.7481,0.002922588,0.013419516,0.9836579,0.031145813,0.21759365,0.7512605,0.9109447,Positive,0.7512605,B001GVISJM,A3KLWF6WQ5BNYO,Erica Neathery,0,0,2,1348099200,poor taste,I love eating them and they are good for watching TV and looking at movies! It is not too sweet. I like to transfer them to a zip lock baggie so they stay fresh so I can take my time eating them.
18,0.0,0.61,0.39,0.8883,0.0011118235,0.008006259,0.9908819,0.0007782764,0.18860438,0.8106173,0.9593291,Positive,0.8106173,B001GVISJM,AFKW14U97Z6QO,Becca,0,0,5,1345075200,Love it!,I am very satisfied with my Twizzler purchase.  I shared these with others and we have all enjoyed them.  I will definitely be ordering more.
19,0.012,0.885,0.103,0.8957,0.0030300827,0.14215393,0.854816,0.0057210578,0.36500776,0.6292712,0.8649602,Positive,0.6292712,B001GVISJM,A2A9X58G2GTBLP,Wolfee1,0,0,5,1324598400,GREAT SWEET CANDY!,"Twizzlers, Strawberry my childhood favorite candy, made in Lancaster Pennsylvania by Y & S Candies, Inc. one of the oldest confectionery Firms in the United States, now a Subsidiary of the Hershey Company, the Company was established in 1845 as Young and Smylie, they also make Apple Licorice Twists, Green Color and Blue Raspberry Licorice Twists, I like them all<br /><br />I keep it in a dry cool place because is not recommended it to put it in the fridge. According to the Guinness Book of Records, the longest Licorice Twist ever made measured 1.200 Feet (370 M) and weighted 100 Pounds (45 Kg) and was made by Y & S Candies, Inc. This Record-Breaking Twist became a Guinness World Record on July 19, 1998. This Product is Kosher! Thank You"
20,0.0,0.863,0.137,0.6077,0.005554629,0.03246925,0.9619762,0.0038882403,0.28162846,0.7144833,0.8518052,Positive,0.7144833,B001GVISJM,A3IV7CL2C13K2U,Greg,0,0,5,1318032000,Home delivered twizlers,Candy was delivered very fast and was purchased at a reasonable price.  I was home bound and unable to get to a store so this was perfect for me.
21,0.0,0.865,0.135,0.6249,0.010422177,0.06525927,0.9243186,0.007295524,0.30518147,0.687523,0.82719755,Positive,0.687523,B001GVISJM,A1WO0KGLPR5PV6,mom2emma,0,0,5,1313452800,Always fresh,"My husband is a Twizzlers addict.  We've bought these many times from Amazon because we're government employees living overseas and can't get them in the country we are assigned to.  They've always been fresh and tasty, packed well and arrive in a timely manner."
22,0.0,0.739,0.261,0.9153,0.0016783946,0.020744001,0.97757757,0.0011748762,0.23622079,0.7626043,0.95771956,Positive,0.7626043,B001GVISJM,AZOF9E17RGZH8,Tammy Anderson,0,0,5,1308960000,TWIZZLERS,"I bought these for my husband who is currently overseas. He loves these, and apparently his staff likes them also.<br />There are generous amounts of Twizzlers in each 16-ounce bag, and this was well worth the price. <a href=""http://www.amazon.com/gp/product/B001GVISJM"">Twizzlers, Strawberry, 16-Ounce Bags (Pack of 6)</a>"
23,0.0,0.768,0.232,0.7687,0.009479414,0.056938652,0.93358195,0.0066355895,0.27025706,0.72310734,0.8774817,Positive,0.72310734,B001GVISJM,ARYVQL4N737A1,Charles Brown,0,0,5,1304899200,Delicious product!,I can remember buying this candy as a kid and the quality hasn't dropped in all these years. Still a superb product you won't be disappointed with.
24,0.085,0.771,0.143,0.2617,0.0032611806,0.023222994,0.97351587,0.027782826,0.24755609,0.7243611,0.7576883,Positive,0.7243611,B001GVISJM,AJ613OLZZUG7V,Mare's,0,0,5,1304467200,Twizzlers,I love this candy.  After weight watchers I had to cut back but still have a craving for it.
25,0.038,0.895,0.068,0.3939,0.44952732,0.3907346,0.15973806,0.32606915,0.54201424,0.13221665,-0.084682465,Neutral,0.54201424,B001GVISJM,A22P2J09NJ9HKE,"S. Cabanaugh ""jilly pepper""",0,0,5,1295481600,Please sell these in Mexico!!,"I have lived out of the US for over 7 yrs now, and I so miss my Twizzlers!!  When I go back to visit or someone visits me, I always stock up.  All I can say is YUM!<br />Sell these in Mexico and you will have a faithful buyer, more often than I'm able to buy them right now."
26,0.0,1.0,0.0,0.0,0.04531408,0.77862144,0.17606446,0.031719856,0.845035,0.12324512,0.091525316,Neutral,0.845035,B001GVISJM,A3FONPR03H3PJS,"Deborah S. Linzer ""Cat Lady""",0,0,5,1288310400,Twizzlers - Strawberry,"Product received is as advertised.<br /><br /><a href=""http://www.amazon.com/gp/product/B001GVISJM"">Twizzlers, Strawberry, 16-Ounce Bags (Pack of 6)</a>"
27,0.128,0.872,0.0,-0.296,0.95331556,0.04058293,0.006101399,0.7057209,0.29000804,0.004270979,-0.75184995,Negative,0.7057209,B001GVISJM,A3RXAU2N8KV45G,lady21,0,1,1,1332633600,Nasty No flavor,"The candy is just red , No flavor . Just  plan and chewy .  I would never buy them again"
28,0.04,0.808,0.152,0.5956,0.003847585,0.022754172,0.97339827,0.01469331,0.25832793,0.7269788,0.85736537,Positive,0.7269788,B001GVISJM,AAAS38B98HMIK,Heather Dube,0,1,4,1331856000,Great Bargain for the Price,I was so glad Amazon carried these batteries.  I have a hard time finding them elsewhere because they are such a unique size.  I need them for my garage door opener.<br />Great deal for the price.
29,0.022,0.669,0.309,0.9913,0.0045323353,0.014126607,0.981341,0.009772634,0.21058862,0.7796387,0.9811561,Positive,0.7796387,B00144C10S,A2F4LZVGFLD1OB,DaisyH,0,0,5,1338854400,YUMMY!,"I got this for my Mum who is not diabetic but needs to watch her sugar intake, and my father who simply chooses to limit unnecessary sugar intake - she's the one with the sweet tooth - they both LOVED these toffees, you would never guess that they're sugar-free and it's so great that you can eat them pretty much guilt free!  i was so impressed that i've ordered some for myself (w dark chocolate) to take to the office so i'll eat them instead of snacking on sugary sweets.<br />These are just EXCELLENT!"
30,0.017,0.846,0.137,0.9746,0.019134142,0.07104451,0.90982133,0.018493898,0.30353117,0.67797494,0.9158611,Positive,0.67797494,B0001PB9FY,A3HDKO7OW0QNK4,Canadian Fan,1,1,5,1107820800,The Best Hot Sauce in the World,"I don't know if it's the cactus or the tequila or just the unique combination of ingredients, but the flavour of this hot sauce makes it one of a kind!  We picked up a bottle once on a trip we were on and brought it back home with us and were totally blown away!  When we realized that we simply couldn't find it anywhere in our city we were bummed.<br /><br />Now, because of the magic of the internet, we have a case of the sauce and are ecstatic because of it.<br /><br />If you love hot sauce..I mean really love hot sauce, but don't want a sauce that tastelessly burns your throat, grab a bottle of Tequila Picante Gourmet de Inclan.  Just realize that once you taste it, you will never want to use any other sauce.<br /><br />Thank you for the personal, incredible service!"
31,0.041,0.692,0.267,0.9713,0.0024305151,0.016508134,0.98106134,0.01400136,0.2191557,0.7668429,0.9764315,Positive,0.7668429,B003F6UO7K,AFM0O9480F04W,Sherril,0,0,5,1297641600,Great machine!,"I have never been a huge coffee fan. However, my mother purchased this little machine and talked me into trying the Latte Macciato. No Coffee Shop has a better one and I like most of the other products, too (as a usually non-coffee drinker!).<br />The little Dolche Guesto Machine is super easy to use and prepares a really good Coffee/Latte/Cappuccino/etc in less than a minute (if water is heated up). I would recommend the Dolce Gusto to anyone. Too good for the price and I'am getting one myself! :)"
32,0.0,0.484,0.516,0.9153,0.0013848753,0.00992785,0.9886873,0.0009694127,0.1521495,0.8468811,0.9657018,Positive,0.8468811,B003F6UO7K,A31OQO709M20Y7,"Molly V. Smith ""staral""",0,1,5,1288310400,THIS IS MY TASTE...,"This offer is a great price and a great taste, thanks Amazon for selling this product.<br /><br />Staral"
33,0.069,0.839,0.092,0.7103,0.118533365,0.32944214,0.5520245,0.103673354,0.48230952,0.4140171,0.51653373,Neutral,0.48230952,B001EO5QW8,AOVROBZ8BNTP7,S. Potter,19,19,4,1163376000,Best of the Instant Oatmeals,"McCann's Instant Oatmeal is great if you must have your oatmeal but can only scrape together two or three minutes to prepare it. There is no escaping the fact, however, that even the best instant oatmeal is nowhere near as good as even a store brand of oatmeal requiring stovetop preparation.  Still, the McCann's is as good as it gets for instant oatmeal. It's even better than the organic, all-natural brands I have tried.  All the varieties in the McCann's variety pack taste good.  It can be prepared in the microwave or by adding boiling water so it is convenient in the extreme when time is an issue.<br /><br />McCann's use of actual cane sugar instead of high fructose corn syrup helped me decide to buy this product.  Real sugar tastes better and is not as harmful as the other stuff. One thing I do not like, though, is McCann's use of thickeners.  Oats plus water plus heat should make a creamy, tasty oatmeal without the need for guar gum. But this is a convenience product.  Maybe the guar gum is why, after sitting in the bowl a while, the instant McCann's becomes too thick and gluey."
34,0.024,0.72,0.256,0.9779,0.0049691456,0.051026467,0.94400436,0.010678401,0.25171852,0.737603,0.95069456,Positive,0.737603,B001EO5QW8,A3PMM0NFVEJGK9,"Megan ""Bad at Nicknames""",13,13,4,1166313600,Good Instant,"This is a good instant oatmeal from the best oatmeal brand.  It uses cane sugar instead of high fructouse corn syrup, so not only does it have a better sweetness, but some doctors now say that this form of sugar is better for you.  Great on a cold morning when you don't have time to make McCann's Steel Cut Oats.  The apple cinnamon is the best but the maple and brown sugar or the regular are good too.  Plus they don't require doctoring to actually tell the three flavors apart."
35,0.0,0.874,0.126,0.9091,0.002159757,0.017793633,0.98004663,0.0015118299,0.27465555,0.72383267,0.95725083,Positive,0.72383267,B001EO5QW8,A2EB6OGOWCRU5H,CorbyJames,9,9,5,1175212800,Great Irish oatmeal for those in a hurry!,"Instant oatmeal can become soggy the minute the water hits the bowl. McCann's Instant Oatmeal holds its texture, has excellent flavor, and is good for you all at the same time. McCann's regular oat meal is excellent, too, but may take a bit longer to prepare than most have time for in the morning. This is the best instant brand I've ever eaten, and a very close second to the non-instant variety.<br /><br />McCann's Instant Irish Oatmeal, Variety Pack of Regular, Apples & Cinnamon, and Maple & Brown Sugar, 10-Count Boxes (Pack of 6)"
36,0.024,0.821,0.155,0.7622,0.0030508344,0.08110059,0.9158486,0.009335584,0.30307043,0.68759406,0.8676183,Positive,0.68759406,B001EO5QW8,A2CI0RLADCRKPF,T. J. Ryan,3,3,4,1210464000,satisfying,"McCann's Instant Irish Oatmeal, Variety Pack of Regular, Apples & Cinnamon, and Maple & Brown Sugar, 10-Count Boxes (Pack of 6)<br /><br />I'm a fan of the McCann's steel-cut oats, so I thought I'd give the instant variety a try. I found it to be a hardy meal, not too sweet, and great for folks like me (post-bariatric surgery) who need food that is palatable, easily digestible, with fiber but won't make you bloat."
37,0.0,0.754,0.246,0.9196,0.002434576,0.011576179,0.9859892,0.0017042031,0.23430333,0.7639924,0.9643681,Positive,0.7639924,B001EO5QW8,A1MYS9LFFBIYKM,"Abby Chase ""gluten free""",2,2,5,1190851200,Love Gluten Free Oatmeal!!!,"For those of us with celiac disease this product is a lifesaver and what could be better than getting it at almost half the price of the grocery or health food store!  I love McCann's instant oatmeal - all flavors!!!<br /><br />Thanks,<br />Abby"
38,0.0,0.938,0.062,0.4457,0.038969122,0.22200057,0.7390303,0.027278384,0.4368004,0.5359212,0.62375283,Positive,0.5359212,B001EO5QW8,A3MGP2E1ZZ6GRB,"Zardoz ""focuspuller""",1,1,5,1238457600,it's oatmeal,"What else do you need to know? Oatmeal, instant (make it with a half cup of low-fat milk and add raisins;nuke for 90 seconds). More expensive than Kroger store brand oatmeal and maybe a little tastier or better texture or something. It's still just oatmeal. Mmm, convenient!"
39,0.05,0.846,0.104,0.7638,0.014056234,0.29882994,0.6871138,0.024839364,0.46298096,0.5121797,0.7002803,Positive,0.5121797,B001EO5QW8,A2GHZ2UTV2B0CD,JERRY REITH,0,0,4,1350777600,GOOD WAY TO START THE DAY....,"I WAS VISITING MY FRIEND NATE THE OTHER MORNING FOR COFFEE , HE CAME OUT OF HIS STORAGE ROOM WITH ( A PACKET OF McCANNS INSTANT IRISH OATMEAL .) HE SUGGESTED THAT I TRY IT FOR MY OWN USE ,IN MY STASH . SOMETIMES NATE DOSE NOT GIVE YOU A CHANCE TO SAY NO , SO I ENDED UP TRYING THE APPLE AND CINN . FOUND IT TO BE VERY TASTEFULL WHEN MADE WITH WATER OR POWDERED MILK . IT GOES GOOD WITH O.J. AND COFFEE AND A SLICE OF TOAST AND YOUR READY TO TAKE ON THE WORLD...OR THE DAY AT LEAST..  JERRY REITH..."
40,0.0,0.856,0.144,0.8114,0.0012026605,0.023010898,0.97578645,0.00084186235,0.2729076,0.7262505,0.92562866,Positive,0.7262505,B001EO5QW8,AO80AC8313NIZ,kYpondman,0,0,5,1317168000,Wife's favorite Breakfast,"I ordered this for my wife as it was reccomended by our daughter.  She has this almost every morning and likes all flavors.  She's happy, I'm happy!!!<br /><a href=""http://www.amazon.com/gp/product/B001EO5QW8"">McCANN'S Instant Irish Oatmeal, Variety Pack of Regular, Apples & Cinnamon, and Maple & Brown Sugar, 10-Count Boxes (Pack of 6)</a>"
41,0.033,0.82,0.147,0.9301,0.0096905595,0.0378332,0.95247626,0.016683392,0.27248326,0.7108334,0.93897986,Positive,0.7108334,B001EO5QW8,AQCY5KRO7489S,Garrett,0,0,5,1303430400,Why wouldn't you buy oatmeal from Mcanns? Tastes great!,"The variety packs taste great!<br /><br />I have them every morning. At $0.30 cents per meal, I don't understand why everyone on earth isn't buying this stuff up.<br /><br />Maple and brown sugar is terrific, followed by apples and cinnamon, followed by regular. You don't get tired of the same ole thing, and they taste great.<br /><br />I just boil water from a small pot, empty the packet or 2 in a bowl, pour in boiling water, and watch it expand to 2x its size!<br /><br />Taste really good and takes minutes to prepare.<br /><br />Not sure why everyone on earth isn't this. Convenient, healthy, very quick, excellent quality, and extremely cheap..."
42,0.03,0.848,0.122,0.9435,0.036511753,0.18096758,0.78252065,0.034558225,0.38107732,0.5843644,0.80525625,Positive,0.5843644,B001EO5QW8,A1WK4ALVZDYPUE,"Dick Baldwin ""christobe""",0,0,5,1302134400,Oatmeal For Oatmeal Lovers,"McCann's makes oatmeal for every oatmeal connoisseur, whether one likes it from the raw pellet state that cooks for half an hour, to the sloth addled instant, which can be done in the microwave for under three minutes. It's all good, that's for sure, and the beauty of the instant variety is that it is available in different flavors as well as regular.<br />  This variety pack allows different tastes to be explored, as well as giving you a chance to experience the difference between McCann's and other well-known oatmeals. What I personally like about McCann's is that it cooks up thicker and with more body than the top brand here in America. The Apples & Cinnamon, though, tends to be a little liquidy so you may want to experiment with the amount of water you add. In my 1300watt microwave the oatmeal cooks up in about one minute and twenty-seven seconds, so you should also watch that to get a handle on how much time and water to use.<br />  The only bad thing -- if you can consider it a bad thing -- about this offering is that you have to buy in lot so you'll end up with six ten-count boxes. This is good if you have a whole family of oatmeal-eaters, but if you're a single person alone -- well, love oatmeal."
43,0.0,0.588,0.412,0.9441,0.001403939,0.009315227,0.9892809,0.0009827573,0.18292066,0.8160966,0.97474384,Positive,0.8160966,B001EO5QW8,A16XFOYQSJREL7,Roger Pugliese,0,0,5,1287014400,Food-Great,I have McCann's Oatmeal every morning and by ordering it from Amazon I am able to save almost $3.00 per box.<br />It is a great product. Tastes great and very healthy
44,0.0,0.685,0.315,0.9161,0.0019128784,0.01671452,0.9813726,0.0013390149,0.21720017,0.7814608,0.96045184,Positive,0.7814608,B001EO5QW8,A17DW6SUOC70DJ,Mother of 9,0,0,5,1255392000,Good Hot Breakfast,"McCann's Oatmeal is a good quality choice.  Our favorite is the Apples and Cinnamon, but we find that none of these are overly sugary.  For a good hot breakfast in 2 minutes, this is excellent."
45,0.031,0.778,0.191,0.8421,0.0058442373,0.041151814,0.953004,0.013390966,0.26220626,0.7244028,0.9156418,Positive,0.7244028,B001EO5QW8,A2G7B7FKP2O2PU,D. Leschke,0,0,5,1209686400,Great taste and convenience,We really like the McCann's steel cut oats but find we don't cook it up too often.<br />This tastes much better to me than the grocery store brands and is just as convenient.<br />Anything that keeps me eating oatmeal regularly is a good thing.
46,0.0,1.0,0.0,0.0,0.8868878,0.09925424,0.013857926,0.6208214,0.369478,0.009700548,-0.61112094,Negative,0.6208214,B001EO5QW8,A39Z97950MCTQE,K. A. Freel,0,0,3,1205193600,Hearty Oatmeal,"This seems a little more wholesome than some of the supermarket brands, but it is somewhat mushy and doesn't have quite as much flavor either.  It didn't pass muster with my kids, so I probably won't buy it again."
47,0.0,0.737,0.263,0.9169,0.100343876,0.29550382,0.60415226,0.07024071,0.42795268,0.50180656,0.62773585,Positive,0.50180656,B001EO5QW8,AQLL2R1PPR46X,grumpyrainbow,0,0,5,1192752000,good,Good oatmeal.  I like the apple cinnamon the best.  Though I wouldn't follow the directions on the package since it always comes out too soupy for my taste.  That could just be me since I like my oatmeal really thick to add some milk on top of.
48,0.0,0.868,0.132,0.4404,0.16032927,0.33897054,0.5007001,0.11223049,0.49767935,0.39009005,0.37037957,Neutral,0.49767935,B001EO5QW8,A26AY1TFK8BQXQ,"kbogo ""shoelover""",1,2,3,1200096000,Mushy,"The flavors are good.  However, I do not see any differce between this and Oaker Oats brand - they are both mushy."
49,0.0,0.821,0.179,0.747,0.0033884272,0.021274365,0.9753372,0.002371899,0.26119205,0.736436,0.90446424,Positive,0.736436,B001EO5QW8,ALOR97KTZTK1P,knitty pants,1,2,4,1191715200,Very good but next time I won't order the Variety Pack,"I really like the Maple and Brown Sugar flavor. The regular is fine with brown sugar added. The Apples and Cinnamon flavor is OK. This is a very quick, easy and satisfying breakfast and I'll order this brand again, but not the variety. I'll get all Maple and Brown Sugar."
50,0.056,0.865,0.079,0.2363,0.90213436,0.08792557,0.0099401,0.64829403,0.3210479,0.03065807,-0.55364597,Negative,0.64829403,B001EO5QW8,A276999Y6VRSCQ,JMay,0,1,3,1334016000,Same stuff,This is the same stuff you can buy at the big box stores.  There is nothing healthy about it.  It is just carbs and sugars.  Save your money and get something that at least has some taste.
51,0.22,0.78,0.0,-0.5448,0.97635514,0.020687466,0.0029573706,0.7494486,0.24848123,0.0020701594,-0.8448185,Negative,0.7494486,B001EO5QW8,A108P30XVUFKXY,Roberto A,0,7,1,1203379200,Don't like it,"This oatmeal is not good. Its mushy, soft, I don't like it. Quaker Oats is the way to go."
52,0.047,0.735,0.218,0.9194,0.004793719,0.026923992,0.9682823,0.017455604,0.2393468,0.7431976,0.95026207,Positive,0.7431976,B000G6RPMY,A3S5KJDA6ED2PS,Mike Kaser,4,4,5,1243900800,HOT!  And good!  Came back for more  :),"Got a free package of these with a bottle of bloody mary mix I bought from the seller, and the advertising worked..lol,  I tried them, and shared them with 2 buddies, and we all loved them...  So im here to buy more, and noticed there were no reviews yet,...  well now there is.  They are Hot,  but not ""burn your mouth forever hot""  its a nice temp...  Perfect for us.."
53,0.09,0.858,0.052,-0.8259,0.52485406,0.379185,0.09596096,0.39439785,0.52282953,0.08277267,-0.5479952,Neutral,0.52282953,B000G6RPMY,A9L6L5H9BPEBO,Edwin C. Pauzer,1,1,4,1348876800,You'll go nuts over Ass-Kickin' Peanuts.,"This wasn't in stock the last time I looked. I had to go to the Vermont Country Store in Weston to find it along with a jaw harp, Cranberry Horseradish Sauce, Fartless Black Bean Salsa, Apple Cider Jelly, Newton's Cradle Art in Motion and the staple Vermont Maple Syrup.<br /><br />Back to the Ass Kickin Peanuts. They are hot. They will activate the perspiration glands behind your ears and under your arms. It requires a beverage as advertised, a glass of very cold milk, and a box of Kleenex since it will make your nose run. They look like ordinary peanuts which is already giving me ideas for work. I suspect that some people have been hitting my goodies in my absence, especially my colleague Greg. I'm going to take this to work at earliest opportunity and empty the contents of this can into an ordinary Planters Peanuts can, and then see whose crying or whose nose is running when I return.<br /><br />The can should be shaken to ensure the spices are evenly distributed. It is important to wash your hands after consumption and not touch the eyes.<br /><br />You'll go nuts over these Ass-Kickin' Peanuts.<br /><br />P.S. I'm not sharing the peanuts, not deliberately, and I'll probably give Greg the jaw harp for Christmas. He'll be so insulted."
54,0.075,0.925,0.0,-0.3612,0.42265803,0.50050455,0.07683747,0.31836063,0.62785316,0.05378623,-0.35043436,Neutral,0.62785316,B000G6RPMY,AQ9DWWYP2KJCQ,"Roel Trevino ""protomex""",0,0,3,1278028800,not ass kickin,we're used to spicy foods down here in south texas and these are not at all spicy.  doubt very much habanero is used at all.  could take it up a notch or two.
55,0.0,0.857,0.143,0.8761,0.0016398348,0.050242227,0.9481179,0.0011478844,0.29226953,0.70658255,0.9253646,Positive,0.70658255,B002GWHC0G,A1ND7WC5LXOU48,"David Belton ""Proteus 1""",2,2,4,1322438400,Roasts up a smooth brew,"I roast at home with a stove-top popcorn popper (but I do it outside, of course). These beans (Coffee Bean Direct Green Mexican Altura) seem to be well-suited for this method. The first and second cracks are distinct, and I've roasted the beans from medium to slightly dark with great results every time. The aroma is strong and persistent. The taste is smooth, velvety, yet lively."
56,0.071,0.708,0.221,0.8908,0.0018000916,0.018932335,0.9792676,0.022560064,0.22565264,0.7517873,0.9514673,Positive,0.7517873,B002GWHC0G,A2EFAW1P3DRXWO,TJ Fairfax,0,0,5,1349395200,Our guests love it!,"We roast these in a large cast iron pan on the grill (about 1/3 of the bag at a time).  The smell is wonderful and the roasted beans taste delicious too.  More importantly, the coffee is smooth; no bitter aftertaste.  On numerous occasions, we've had to send the roasted beans home with friends because they like it so much."
57,0.029,0.694,0.277,0.908,0.0016082067,0.008115825,0.990276,0.009825745,0.21388108,0.7762932,0.9644674,Positive,0.7762932,B004N5KULM,A202WR509428VF,amateur amazon shopper,2,2,5,1322438400,Awesome Deal!,Deal was awesome!  Arrived before Halloween as indicated and was enough to satisfy trick or treaters.  I love the quality of this product and it was much less expensive than the local store's candy.
58,0.0,0.701,0.299,0.91,0.0020191846,0.018697951,0.9792829,0.0014134293,0.22338857,0.77519804,0.95708466,Positive,0.77519804,B004N5KULM,ASCNNAJU6SXF8,S. Beck,1,1,5,1336176000,How can you go wrong!,"It is chocolate, what can I say.  Great variety of everything our family loves.  With a family of six it goes fast here.  Perfect variety.  Kit Kat, Reeses, take five and more."
59,0.0,0.611,0.389,0.9323,0.0012205167,0.007787709,0.99099183,0.0008543617,0.1887514,0.8103943,0.9725299,Positive,0.8103943,B004N5KULM,A2A7KXM9B4XW90,"P. Kelso ""Amazon all the way!""",0,0,5,1320364800,Awsome - Kids in neighborhood loved us!,"Great product, nice combination of chocolates and perfect size!  The bags had plenty, and they were shipped promptly.  The kids in the neighborhood liked our candies!"
60,0.0,0.638,0.362,0.8807,0.0038701699,0.08162689,0.9145029,0.0027091189,0.24853882,0.74875206,0.9016528,Positive,0.74875206,B004N5KULM,A2QOGOXPOVKAJG,mimimc,0,0,5,1320105600,great deal.,"Halloween is over but, I sent a bag to my daughters class for her share. The chocolate was fresh and enjoyed by many."
61,0.0,0.9,0.1,0.4404,0.014716517,0.27715126,0.7081322,0.010301562,0.4640059,0.5256925,0.6175109,Positive,0.5256925,B004N5KULM,A1ZR8O62VSU4OK,"Lisa J. Szlosek ""lisa""",2,4,3,1318723200,Better price for this at Target,"Watch your prices with this.  While the assortment was good, and I did get this on a gold box purchase, the price for this was<br />$3-4 less at Target."
62,0.0,0.741,0.259,0.8442,0.017847532,0.095916145,0.8862363,0.012493272,0.2894413,0.6980654,0.86113214,Positive,0.6980654,B004N5KULM,A7ZK2A3VIW7X9,Peggy,0,2,5,1319414400,pretty expensive,"This bag of candy online is pretty expensive, it should be cheaper in order to compete with grocery stores, other than that, its a good combination of my favorite candy"
63,0.0,1.0,0.0,0.0,0.9050873,0.08281492,0.012097824,0.6335611,0.35797045,0.008468477,-0.6250926,Negative,0.6335611,B001EO5TPM,A1E09XGZUR78C6,gary sturrock,2,2,1,1215302400,stale product.,Arrived in 6 days and were so stale i could not eat any of the 6 bags!!
64,0.055,0.765,0.179,0.9817,0.0135323545,0.070573315,0.91589427,0.025972648,0.2789013,0.694826,0.9261632,Positive,0.694826,B005DUM9UQ,A3HR0ZZOFKQ97N,RLC,3,3,5,1333497600,Hammer Nutrition 's Fizz Rocks!,"I have used the endurolyte product for several years in both pill and powder form.  Long desert rides on the dirt bike always found my camelbak water heavily laced with the endurolyte powder, not overly tasty, but quite effective, as I never got a cramp on these several hundred mile rides.  Same for desert racing in the buggy, the camelbaks were always laced with the powder.  Now we have the Fizz...what a great product!  Firstly, its Hammer's endurolyte product so it's great, endurance athlete's the world over use their products. Second its convenient, handly tablets that dissovle in a fizz.  Third it tastes great! Imagine getting a nice cool drink when your body is starving for hydration and electrolytes and rather than getting a ""salty"" taste, you get a refreshing lemon-lime or mango!  The camelbaks always get the Fizz now.  I also drop a tablet in my bottled water whenever I exercise and have a nice flavored water chock full of electrolytes. I cannot recommend this product or any hammer product highly enough."
65,0.046,0.75,0.205,0.8674,0.0015688112,0.018417524,0.9800136,0.014898168,0.23789226,0.74750954,0.9451313,Positive,0.74750954,B005DUM9UQ,A2XIHNXODNZGV4,"ChemProf ""chem professor""",1,1,5,1333584000,great source of electrolytes,This product serves me well as a source of electrolytes during and after a long run or bike ride.<br />I have tried all of the flavors but really do like the grapefruit flavor... no after-taste and I actually like the slight carbonation.<br />I use other Hammer products and really like their whole product line.
66,0.04,0.822,0.138,0.5165,0.0031999808,0.080463454,0.9163366,0.014239986,0.30292442,0.68283564,0.7941456,Positive,0.68283564,B005DUM9UQ,A3TWF9DQ6MU87E,dhy4b,1,1,5,1331510400,Great for preventing cramps,This stuff really works for preventing cramping during the middle to latter stages of your rides. Pop 1 into each water bottle and you're set. Flavor is fine and goes down easy.
67,0.057,0.869,0.073,0.492,0.13516106,0.40439174,0.46044722,0.11171274,0.5437742,0.34421304,0.3753003,Neutral,0.5437742,B005DUM9UQ,AEFIZIJ1FK1BK,Doug,0,0,5,1345161600,Low Carb Alternative to Gatorade,"For those of us on a low carb diet these little tablets are just the thing.<br /><br />Two years ago I started cycling again after many years but was having heart arrhythmia after longer rides in high heat.  I was drinking plain water but did a little research and thought electrolytes might be the issue.  Gatorade wasn't an option because it is so loaded with carbohydrates so I looked around for a low-carb alternative.  The ""zero carb"" sports drinks didn't help so what to do?  One day I ran across these at my bike shop so tried a tube of them.....voila!...problem solved!!<br /><br />I've shared them with two friends in particular whose problems with leg cramps were resolved while using these.<br /><br />These guys got it right -- they are superbly formulated and simply work....."
68,0.183,0.776,0.041,-0.9116,0.8797145,0.10624961,0.014035873,0.67070013,0.30717474,0.02212511,-0.87945503,Negative,0.67070013,B005DUM9UQ,A8OFFIAL6XTOH,Bill Shirer,0,1,2,1338422400,Taste is not so good.,"I purchased the Mango flavor, and to me it doesn't take like Mango at all.  There is no hint of sweetness, and unfortunately there is a hint or aftertaste almost like licorice.  I've been consuming various sports nutrition products for decades, so I'm familiar and have come to like the taste of the most of the products I've tried.  The mango flavor is one of the least appealing I've tasted.  It's not terrible, but it's bad enough that I notice the bad taste every sip I take."
69,0.135,0.71,0.155,-0.0096,0.35050175,0.36837846,0.28111985,0.28585124,0.47086492,0.2432839,-0.051447272,Neutral,0.47086492,B000E7VI7S,A1KL2LAW08X6UQ,calmnsense,0,0,3,1169251200,How much would you pay for a bag of chocolate pretzels?,"If you're impulsive like me, then $6 is ok. Don't get me wrong, the quality of these babies is very good and I have no complaints. But in retrospect, the price is a little ridiculous (esp. when you add on the shipping)."
70,0.344,0.52,0.136,-0.7345,0.96015793,0.035429116,0.004412968,0.7753106,0.18080038,0.04388908,-0.8893715,Negative,0.7753106,B000E7VI7S,AWCBF2ZWIN57F,C. Salcido,0,2,5,1185753600,pretzel haven!,this was sooooo deliscious but too bad i ate em too fast and gained 2 pds! my fault
71,0.036,0.916,0.048,0.2228,0.032239784,0.13916068,0.8285996,0.03336785,0.37221247,0.5944197,0.6242918,Positive,0.5944197,B001GVISJC,A27TKQHFW0FB5N,Chet,2,2,5,1254355200,Great Gummi!,"These Albanese gummi bears and rings and so on are very good and tasty and high quality. The bears even have little faces. At my local candy store this type of gummi stuff (bears, rings, snakes, balls, worms, whatever) are about $10/lb. These twin packs of 4.5 or 5 pound bags is a screaming deal as far as I'm concerned. I'm probably 50 pounds deep in these friggin' things. Consumed!"
72,0.078,0.701,0.222,0.9733,0.0038743354,0.022212045,0.9739136,0.026112035,0.22584844,0.74833953,0.9710175,Positive,0.74833953,B001GVISJC,A3BDOAPSF96WGQ,2tall,1,1,5,1289260800,Bigger then other brands,"Grape gummy bears are hard to find in my area. In fact pretty much anyone I talk to about grape gummy bears they think I'm lying. So I bought 10lbs... : ) These bears are a little bit bigger then the other brands and have kind of sour kick, but nothing to strong. I love grape flavored candy/soda and these are pretty good. There is another company that makes grape gummy bears that are a little bit better in my opinion, but these are well worth it for the price. I like to use the gummy bears in home made Popsicles with flavored sports drink. The salt in the sports drink makes for softer popsicles, and the gummy bears are awesome frozen. They are delicious!"
73,0.025,0.653,0.323,0.9787,0.0013178954,0.010000751,0.9886813,0.0084225265,0.20290051,0.7889769,0.98476434,Positive,0.7889769,B006SQBRMA,ATYMT48R62ENE,Marie,0,0,5,1327017600,Best ever latice tart,"I ordered two of these and two of raspberry latice tarts directly from FantasiCakes website for a dinner party I was hosting. It arrived fresh and intact. Very good size. I froze half for later use. I am a pastry lover and these were the best I've ever tasted. The pastry was soft, the jam was really good and the taste was great. They were gone in no time. My guests were really impressed."
74,0.093,0.762,0.144,0.9665,0.5413006,0.30490547,0.1537939,0.40681043,0.44203383,0.15085572,0.018695354,Neutral,0.44203383,B0059WXJKM,A25VFHVGI4CFTP,Diana Robinson,0,1,1,1335744000,Warning!  WARNING!  -ALCOHOL SUGARS!,"Buyer Beware Please! This sweetener is not for everybody.  Maltitol is an alcohol sugar and can be undigestible in the body.  You will know a short time after consuming it if you are one of the unsuspecting many who cannot digest it by the extreme intestinal bloating and cramping and massive amounts of gas a person can experience. Nausea, diarrhea & headaches can also be experienced. I learned my lesson the hard way years ago when I fell in love with the sugar-free chocolates suzanne sommers used to sell.  I thought I'd found sugar-free chocolate nirvana at first taste but the bliss was short lived when the terrible side effects of maltitol kicked in.  The discomfort was unlike anything I had ever felt before.  I blew up like a balloon and had very painful abdominal cramping.  As the symptoms passed, this too was very unpleasant.  Though hard for me to believe a low calorie sweetener could be the culprit, all symptoms were gone when I stopped eating the chocolate. My hunch it had something to do with the maltitol were unfortunately confirmed for me about a year later when I purchased some delicious sugar-free popcorn at my local market.  The taste was amazing and while I was looking at the label wondering what could possibly make this yummy, new sugarfree treat taste so good, my heart sank when I followed the little asterisk next to sugarfree sweetener* down to the very bottom of the label and read ""maltitol"" in tiny little letters! Thank goodness I'd eaten only a little. I still ended up with all the same side-effects but for a much shorter duration. Some people can use maltitol to their heart's content but others, like me, can have a bad reaction to it. In case you're like me, ... it's not you ...it's the maltitol!"
75,0.0,0.872,0.128,0.2263,0.13885969,0.5320562,0.32908413,0.09720178,0.63403934,0.2687589,0.20104706,Neutral,0.63403934,B001EPPI84,A3Q0IDQ03S0158,Jen,0,0,2,1287705600,nothing special,It is okay.  I would not go out of my way to buy it again
76,0.106,0.768,0.126,0.1098,0.9441382,0.050168104,0.0056937,0.6926968,0.26551765,0.04178559,-0.62397116,Negative,0.6926968,B001EPPI84,A27TZ4WBU7N0YF,I. So,0,0,1,1275004800,No Tea Flavor,No tea flavor at all. Just whole brunch of artifial flavors. It is not returnable. I wasted 20+ bucks.
77,0.019,0.898,0.083,0.5647,0.26665437,0.4316502,0.30169544,0.19235806,0.57155514,0.2360868,0.19393873,Neutral,0.57155514,B004X2KR36,A2W3ABLWMJ84NS,Jessica Snyder,0,0,5,1348444800,Good,"These looked like a perfect snack to through in with my trail mix.  Unfortunately, they arrived in a solid mass of melted chocolate.  I left them in my pantry for a few days, and when I opened them at room temperature they were still gooey.  I through them in the fridge and I've been breaking off hunks ever since.  They taste good to me, but the chocolate is all grainy after melting and then solidifying again.  I won't order them online again, but if I see them in a store I would pick them up."
78,0.034,0.798,0.168,0.8303,0.0035588224,0.027854554,0.9685866,0.012691176,0.2588982,0.72841066,0.9246094,Positive,0.72841066,B004X2KR36,A26M5O53PHZTKN,"Debs ""peanut""",0,0,5,1348185600,Taste great,These taste really good. I have been purchasing a different brand and these are very similar in taste and texture. I agree with the other reviewer regarding ordering in the summer. There is no insulating packaging with ice packs so they will melt in warm weather like all chocolate food items. Order in cold weather and buy enough to last!!!
79,0.0,0.763,0.237,0.7814,0.004848659,0.05255621,0.94259506,0.0033940612,0.26568934,0.73091656,0.89084244,Positive,0.73091656,B004X2KR36,A2AB7M9UCNBVN7,sharonh4,0,0,3,1346976000,Order only in cold weather,"The taste was great, but the berries had melted.  May order again in winter. If you order in cold weather you should enjoy flavor."
80,0.087,0.589,0.324,0.8636,0.62615347,0.28211498,0.09173155,0.46440744,0.3741805,0.16141209,-0.11501539,Negative,0.46440744,B005R8JE8O,A3H1EQD2PBC085,jmc,0,0,5,1344902400,this is the best,"i know i cannot make tea this good.  granted, i am not from the south but i know i have never enjoyed tea that was this sweet without being too sweet.  it tastes crisp."
81,0.0,0.723,0.277,0.9098,0.0015721094,0.006269506,0.9921584,0.0011004766,0.22128867,0.7776109,0.9663503,Positive,0.7776109,B0066DMI6Y,AB30HQTI5VOLR,Melinda Bishop,1,1,5,1325116800,Delicious!,This peppermint stick is delicious and fun to eat.  My dad got me one for Christmas because he remembered me having a similar one when I was a little girl.  I'm 30 now and I love it!
82,0.0,0.663,0.337,0.9041,0.0025260567,0.012215311,0.9852586,0.0017682397,0.20745072,0.790781,0.9591427,Positive,0.790781,B0066DMI6Y,AZLONLC8OZPEC,John W. Hollis,1,1,4,1324598400,Great,"Great gift for all ages! I purchased these giant canes before and the recipients loved them so much, they kept them and would not eat them."
83,0.04,0.794,0.165,0.9957,0.24141207,0.45623988,0.3023481,0.18098845,0.5575679,0.26114365,0.3413651,Neutral,0.5575679,B003ZFRKGO,A2VOZX7YBT0D6D,"Johnnycakes ""Johnnycakes""",15,15,5,1325635200,Forget Molecular Gastronomy - this stuff rockes a coffee creamer!,"I know the product title says Molecular Gastronomy, but don't let that scare you off.  I have been looking for this for a while now, not for food science, but for something more down to earth.  I use it to make my own coffee creamer.<br /><br />I have to have my coffee blonde and sweet - but the flavored creamers are full of the bad kinds of fat, and honestly, I hate to use manufactured ""food"" items.  I really don't think they are good for the body.  On the other hand, I hate using cold milk or cream, because I like HOT coffee.<br /><br />I stumbled across this on Amazon one day and got the idea of making my own creamer.  I also bought low-fat (non-instant) milk powder and regular milk powder. The non-instant lowfat milk is a little sweeter and tastes fresher than regular instant low-fat milk, but does not dissolve good in cold water - which is not a problem for hot coffee.  You will have to play with the ratios - I would not do just the heavy cream, it made the coffee too rich. Also, I think the powder is too expensive to just use on it's own. I like mixing 1/3 of each together.<br /><br />For flavoring, I bough cocoa bean powder, vanilla bean powder, and caster (superfine) sugar.  I mix up small batches along with spices like cinnamon and nutmeg to make my own flavored creamers.  If you wanted, you could use a fake sweetner powder instead.  I make up small amounts that I store in jelly canning jars. I also use my little food chopper/food processor to blend everything, so the sugar is not heavier and sinks to the bottom.  Let it settle for a bit before opening the top though.<br /><br />This stuff tastes WAY better than the storebought creamers and it is fun to experiment and come up with your own flavors.  I am going to try using some essential oils next and see if I can get a good chocolate/orange mix.<br /><br />All of the ingredients I mentioned are here online.  Take the time to experiment.  Maybe you don't use any low-fat milk. Or don't add any flavorings.  It is up to you.  Also, would make great housewarming/host(ess) gifts.<br /><br />I am sure other molecular people will be able to tell you more of what you can do with it, and I am sure I will experiment with it in cooking - but the main reason I bought it was to make my own creamer and it worked out great."
84,0.055,0.767,0.178,0.8642,0.10250651,0.40360484,0.49388865,0.088254556,0.5126234,0.39912206,0.53322744,Neutral,0.5126234,B0019CW0HE,A1FD9E5C06UB6B,BRENDA DEMERS,5,5,3,1301011200,Natural Balance Lamb and Rice,"While my dogs like all of the flavors that we have tried of this dog food, for some reason their itching increased when I tried the lamb and rice. I have some very itchy dogs and am giving them a limited ingredient dog food to try to help. The duck and sweet potato cut down on the itching significantly, but when we tried lamb and rice they started itching more once again. I like Natural Balance for the quality ingredients."
85,0.109,0.676,0.214,0.8431,0.12168555,0.35795143,0.520363,0.11787988,0.453366,0.4284541,0.5320041,Neutral,0.453366,B0019CW0HE,AK2CXHH9VRZ2A,I. GLENN,4,4,3,1313193600,INCREASED MY DOGS ITCHING,"Awesome dog food. However, when given to my ""Boston"", who has severe reactions to some food ingredients; his itching increased to violent jumping out of bed at night, scratching. As soon as I changed to a different formula, the scratching stopped. So glad Natural Balance has other choices. I guess you have to try each, until you find what's best for your pet."
86,0.035,0.698,0.267,0.9487,0.0024510382,0.01003481,0.9875142,0.012215726,0.21642436,0.7713599,0.9741541,Positive,0.7713599,B0019CW0HE,A25BGFRHYHEZKK,Toby's mom,4,4,5,1292889600,Great food!,"We have three dogs and all of them love this food!  We bought it specifically for one of our dogs who has food allergies and it works great for him, no more hot spots or tummy problems.<br />I LOVE that it ships right to our door with free shipping."
87,0.019,0.855,0.126,0.8797,0.03602333,0.14819315,0.8157835,0.03091633,0.3602352,0.60884845,0.8097421,Positive,0.60884845,B0019CW0HE,A37N9XZBB8JYOF,Ash52,1,1,5,1333670400,Great for my dogs allergies,"My dog has a ton of allergies both environmental and food. She was on a prescription dog food before we had her tested to see what allergies she has. After we got the test back, we learned she was allergic to something in the prescription brand. So I finally found this dog food and she has done so well on this! She still has her environmental triggers, but I am happy she can finally eat something I know won't cause her pain."
88,0.05,0.735,0.215,0.7424,0.0051310016,0.040446732,0.95442224,0.0185917,0.24881272,0.7325955,0.88722384,Positive,0.7325955,B0019CW0HE,A1T4L0Q47OZ9N,Wendy,1,1,5,1320883200,Great for stomach problems!,My shepherd/collie mix has IBS.  Our vet recommended a limited ingredient food.  This has really helped her symptoms and she likes it.  I will always buy it from Amazon...it's $10 cheaper and free shipping!
89,0.048,0.762,0.19,0.9716,0.016249016,0.10783327,0.87591773,0.025774311,0.3040833,0.6701424,0.8932481,Positive,0.6701424,B0019CW0HE,A3IMXZE9FCUNOC,Dana,1,1,5,1311638400,Better life for you dog!,Natural Balance Dry Dog Food Lamb Meal and Brown Rice Recipe did wonders for my Jack Russell. She has awful food allergy's and this food was our last hope because it was the last food we could find that didn't have SOMETHING in it that she was allergic to. She has no problem eating it dry but normally I mix the Natural Balance Dry Lamb and Brown Rice with the Natural Balance Wet Lamb and Brown Rice.. she seems to like that better. We started feeding it to our other dog (a Bichon) too and she loves it. If your dog has allergy's or stomach issue.. or if you want your dog to eat better food-- this is it! You will see a difference in your pet.
90,0.029,0.645,0.326,0.9554,0.0036095008,0.00985429,0.9865362,0.01122665,0.200398,0.7883754,0.9746686,Positive,0.7883754,B0019CW0HE,A1EC57S6C2VLTL,"Lorraine ""Agelechio""",0,0,5,1347408000,Great Food,"Great food! I love the idea of one food for all ages & breeds. Ît's a real convenience as well as a really good product.  My 3 dogs eat less, have almost no gas, their poop is regular and a perfect consistency, what else can a mom ask for!!"
91,0.0,0.833,0.167,0.7351,0.009687853,0.13429162,0.8560205,0.006781497,0.34390414,0.6493144,0.8129629,Positive,0.6493144,B0019CW0HE,A1OGD72Y2Y26CF,Lisas201,0,0,5,1335398400,Great food for my my dog who has a sensitive stomach.,I have a standard poodle and pomeranian who both do wonderful on this food. I have switched them to a different food (due to price) a couple of times and end up going right back to natural balance.
92,0.0,0.837,0.163,0.6249,0.007930283,0.044241544,0.9478282,0.0055511985,0.2820691,0.7123797,0.84539855,Positive,0.7123797,B0019CW0HE,A7JWCYVPF7KCO,gare,0,0,5,1334966400,Great dog food,"This is great dog food, my dog has severs allergies and this brand is the only one that we can feed him."
93,0.069,0.663,0.268,0.8255,0.0022618952,0.0076761334,0.990062,0.022283327,0.2042733,0.7734434,0.93911004,Positive,0.7734434,B0019CW0HE,ABG53EBZBKD23,"J. Romagnoli ""*jroma""",0,0,5,1333929600,Mmmmm  Mmmmm good.,This food is great - all ages dogs.  I have a 3 year old and a puppy.  They are both so soft and hardly ever get sick.  The food is good especially when you have Amazon Prime shipping  :)
94,0.01,0.781,0.208,0.9882,0.008068776,0.05497633,0.9369549,0.008648143,0.27278343,0.7182684,0.9466803,Positive,0.7182684,B0019CW0HE,A3AF72GP4GVRY1,John D. Meara,0,0,5,1330041600,Great Dog Food!,"My golden retriever is one of the most picky dogs I've ever met.  After experimenting with various types of food, I have found she loves natural balance.  What I really like about natural balance is the fact that it has multiple flavors in dry and wet varieties.  I mix her dry food with a little wet food and my golden loves it.  Furthermore, I do like mixing up the flavors each time as I think the same meal day over day might get a little boring, so I figured why not.  I tend to stay away from the fish type though as it smells...<br /><br />Additionally, I started purchasing off Amazon because Petco didn't have the wet food box and only had a couple of cans.  I came home and to my surprise realized that I could save $20 each time I bought dog food if I just buy it off Amazon.<br /><br />All in all, I definitely recommend and give my stamp of approval to natural balance dog food.  While I have never eaten it, my dog seems to love it."
95,0.0,1.0,0.0,0.0,0.021683857,0.4229407,0.5553754,0.0151787,0.5960585,0.38876277,0.37358403,Neutral,0.5960585,B0019CW0HE,A1DJAAKLPCJRZD,wendy,0,0,5,1329609600,So convenient,This is the same food we get at pet store. But it's delivered to my door! And for the same price or slightly less.
96,0.031,0.732,0.237,0.9273,0.0071166386,0.061204918,0.9316784,0.014281647,0.26244345,0.7232749,0.9253833,Positive,0.7232749,B0019CW0HE,A1BFNM27629VAV,E. Triebe,0,0,5,1320105600,Good healthy dog food,I've been very pleased with the Natural Balance dog food. Our dogs have had issues with other dog foods in the past and I had someone recommend Natural Balance grain free since it is possible they were allergic to grains. Since switching I haven't had any issues. It is also helpful that have have different kibble size for larger/smaller sized dogs.
97,0.0,0.818,0.182,0.982,0.0030772975,0.036150396,0.96077234,0.0021541081,0.27070528,0.7271406,0.96498656,Positive,0.7271406,B0019CW0HE,A18AAABCIJKC5Q,Rhiever,0,0,5,1303776000,Great dog food,"My 1-1/2 year old basenji/jack russell mix loves this dog food. He's been noticeably healthier and more energetic since I switched him over from the standard dog foods earlier this year. Despite the higher cost of natural dog foods, I find that he eats significantly less of the Natural Balance dog foods and still stays happy and full. On the normal dog foods, he'd eat up to 3 cups of dog food a day (the recommended serving for his size), whereas he only eats about 1 cup to 1-1/2 cup of the Natural Balance dog food a day. When you take this into account, you're actually getting more ""bang for your buck"" with the natural dog foods since you don't have to buy as much to last just as long as the normal dog foods... and a healthier, happier dog, to boot! Add in the fact that you can get free, 2-day shipping with Amazon Prime... I'm sold!!"
98,0.053,0.793,0.154,0.7729,0.15611741,0.30707562,0.53680694,0.12518218,0.45285293,0.42196485,0.49835265,Neutral,0.45285293,B0019CW0HE,A3UII2114114PI,"FuNky Faja ""SiLkk""",0,0,5,1297296000,"Great allergy sensitive dog food, dogs love it",Our pup has experienced allergies in forms of hotspots and itching from other dog foods. The cheap 'you can buy it anywhere' food not only have crazy preservatives in them but can cause health problems for your pets.  This food works wonders on reducing allergies and our dog loves the food.<br />This message is RAMSEY FrAnkenSteiN approved.
99,0.024,0.91,0.066,0.5106,0.09271871,0.5976609,0.30962035,0.0721031,0.6913626,0.23653424,0.30501115,Neutral,0.6913626,B0019CW0HE,ABZ9F0D94YK45,Amazon-tron 3000,0,0,5,1295308800,Perfect for our English Bulldog with Allergies,"My English Bulldog had skin allergies the summer we got him at age 3.  The vet recommended we wean him off the food his previous owner gave him (Iams Lamb and Rice) and onto a new kind.  This was the second one we tried, and it has been working ever since.  It's for dogs that need a limited diet who can be sensitive to additives and proteins commonly found in commercial dog food (like chicken or beef)."
100,0.173,0.735,0.092,-0.5267,0.9624426,0.031978734,0.0055787275,0.7256098,0.24288511,0.031505108,-0.8278147,Negative,0.7256098,B0019CW0HE,A2P6ACFZ8FTNVV,Melissa Benjamin,0,1,1,1331164800,Bad,"I fed this to my Golden Retriever and he hated it.  He wouldn't eat it, and when he did, it gave him terrible diarrhea.  We will not be buying this again.  It's also super expensive."
101,0.0,0.807,0.193,0.7717,0.30692127,0.456569,0.23650974,0.21484488,0.5616983,0.22345681,0.18222189,Neutral,0.5616983,B004K2IHUO,A1SYSKR79LA2CB,"Mycroft ""Virture is its own punishment""",4,5,5,1233014400,Taste wise it is a 6 star item,"The mouth says, ""How do I love thee, let me count the ways...""<br />If you like apple products a must have item.  The only draw back, shipping cost.  These are very heavy."
102,0.103,0.752,0.145,0.2285,0.062902495,0.29451588,0.6425816,0.07493175,0.43176112,0.4933071,0.47432518,Positive,0.4933071,B004K2IHUO,A3D1TXE98KRKYO,"Danny ""The Student""",2,3,4,1256515200,Great Support,"Arrived slightly thawed. My parents wouldn't accept it. However, the company was very helpful and issued a full refund."
103,0.0,0.75,0.25,0.9287,0.040520385,0.11086616,0.8486134,0.028364269,0.3026063,0.66902936,0.84427524,Positive,0.66902936,B004K2IHUO,AVCA516CFZ9HF,S. Fowler,0,0,4,1335139200,TART!,"The crust on these tarts are perfect.  My husband loves these, but I'm not so crazy about them.  They are just too sour/tart for my taste.  I'll eat the crust and hubby takes my filling.  My kids think they're great, so maybe it's just me."
104,0.0,0.859,0.141,0.7249,0.02993253,0.05488077,0.9151867,0.02095277,0.29611653,0.68293065,0.83714783,Positive,0.68293065,B004K2IHUO,A1P21J0DMTVGS7,Lovethemovies,0,0,5,1332028800,Omaha Apple Tartlets,"These are absolutely scrumptuous!  My husband and I both love them, however, as another customer put it, they are expensive to ship!  The cost of shipping is more than the tartlets themselves are!"
105,0.051,0.577,0.372,0.9313,0.0038570878,0.013474421,0.9826685,0.017999962,0.18253209,0.7994679,0.9645581,Positive,0.7994679,B004K2IHUO,AL3E5V6MXO9B0,pionex1796,0,0,5,1326412800,Loved these Tartlets,What a nice alternative to an apple pie. Love the fact there was no slicing and dicing. Easy to prepare. I also loved the fact that you can make them fresh whenever needed.
106,0.0,0.696,0.304,0.9603,0.001872353,0.008443229,0.98968446,0.0013106471,0.21471027,0.7839791,0.97955847,Positive,0.7839791,B004K2IHUO,A2O9G2521O626G,Rachel Westendorf,0,0,5,1308700800,The best,I like Creme Brulee. I loved that these were so easy. Just sprinkle on the sugar that came with and broil. They look amazing and taste great. My guess thought I really went out of the way for them when really it took all of 5 minutes. I will be ordering more!
107,0.0,0.791,0.209,0.5719,0.36725062,0.43870342,0.19404595,0.25707543,0.5443924,0.19853216,0.050326705,Neutral,0.5443924,B004K2IHUO,A1ZKFQLHFZAEH9,"S. J. Monson ""world citizen""",2,8,3,1236384000,disappointing,not what I was expecting in terms of the company's reputation for excellent home delivery products
108,0.0,0.804,0.196,0.9503,0.0019238482,0.016131043,0.98194516,0.0013466937,0.25249174,0.7461616,0.97110486,Positive,0.7461616,B001REEG6C,A30835UIR6F8KB,Adam E. Smith,2,2,5,1295308800,Wasting Vinegar on a Cucumber is a Shame!,"I first bought pickled asparagus at an Amish market and it was love at first bite. Hence, when I saw these on the discount rack at the local Safeway I cleaned it out.  These are even better than the ones from the Amish market. They are fantastic, and some of the jars have a bonus clove of garlic at the bottom. I'm going to order the six pack and I'm a household of one. They wont go to waste!"
109,0.059,0.676,0.265,0.9116,0.0024852508,0.0058696126,0.99164516,0.019439675,0.20690873,0.7736516,0.96589184,Positive,0.7736516,B001REEG6C,A10EHUTGNC4BGP,M. Foell,1,1,5,1243728000,Asparagus Bliss,"I love asparagus.  Up until very recently, I had never had pickled asparagus.  Oh my goodness, when a friend introduced me to this exact brand, I couldn't believe how great stuff tasted.  I loved it so much I bought the six pack.  I've got 2 jars left.  Gonna need more!!"
110,0.014,0.764,0.222,0.9841,0.0024270844,0.011813515,0.9857594,0.005898959,0.23746946,0.75663155,0.9835626,Positive,0.75663155,B001REEG6C,AY12DBB0U420B,Gary Peterson,0,0,5,1316390400,My Idea of a Good Diet Food.,"I'm presently on a diet and I was at my Fresh and Easy Neighborhood Grocery looking over possible diet foods. I wanted things that were tasty, non-fat and low in calories. I came home with about a dozen items. That's how I discovered the Tillen Farms Pickled Crispy Asparagus. Well, I've always liked asparagus anyway and I've enjoyed several brands of pickled asparagus. This Tillen Farms brand is really, really good! It's the best I can recall. There's an excellent flavor and a big clove of garlic down in  the bottom of the jar which I'm looking forward to eating. I can't believe how good this asparagus tastes and right on the front it says ""only 60 calories per jar!"" Now this is my idea of a good diet food!<br /><br />Gary Peterson"
111,0.059,0.879,0.062,0.0176,0.0710354,0.40621296,0.5227516,0.06742478,0.5480491,0.38452613,0.32148123,Neutral,0.5480491,B000J0HIT2,A1VKJN5Y1C7S5Y,"Wilhelmina Robinson ""Wilhelmina Robinson &#34...",2,2,2,1250812800,Low Carb Angel Food Puffs,"I was diappointed in the flavor and texture of this mix.  I usually like most of the Low Carb things I have tried, but was diappointed in this specific one."
112,0.0,0.81,0.19,0.8769,0.0038921274,0.021213932,0.97489387,0.0027244892,0.25784975,0.73942566,0.9427712,Positive,0.73942566,B0037LW78C,A3VEYLW2KPZNGK,G. Simmons,3,3,5,1297814400,Delicious tea,I have been drinking this tea for a long time now.  I used to have to purchase it at a doctor's office because it wasn't available elsewhere.  I'm so glad that I can buy it now from Amazon.com.  I drink this tea throughout the day like other folks drink coffee.  Wonderful taste.
113,0.037,0.786,0.177,0.9946,0.11883127,0.38704345,0.49412525,0.09428189,0.50673044,0.39898765,0.5610858,Neutral,0.50673044,B0037LW78C,A2F65U0UDY7TAW,Aldo,2,2,5,1337990400,My every day green tea,"I have been drinking Royal King 100% Natural Organic Green Tea (100 tea bags x 2g each) as my every day tea for several years now.  I buy 12 boxes at a time to save on shipping.  For many years I used to drink coffee from morning till night.  But finally I realized that drinking so much coffee was not healthy for me.  I finally resolved to improve my health and stopped drinking coffee all together.  I tried many alternative drinks to replace my coffee habit.  I found that green tea was not only good tasting it also has health benefits.  Green tea is one of the few drinks that actually makes you healthier (coffe and other drinks do not) - the only healthier drink is quality cold water.  In my opinion, for the price, Royal King 100% Natural Organic Green Tea is one of the best tasting teas.  This green tea has a beautiful golden color, the taste is bright and fresh.  I recommend adding a tiny amount of Y.S. Organic Bee Farms RAW HONEY to the tea to add sweetness and health benefits too.  I also give myself a treat once in a while by having a much more expense tea (Tribute Xi Hu Long Jing) but this fantastic tea is not practical for me to drink as my every day tea (although I would if I could afford it).<br /><br />Cons:  On my latest shipment the package shown on the Amazon page is different than the one shipped.  The one shipped displays ""NATURALLY HIGH IN POLYPHENOL CATECHINS"" (a key contributive element to the possible health effects of tea), whereas the Amazon package displays ""CAFFENE FREE"".  So I am not sure if this green tea is Caffene free or not.  The other con is that sometimes the tea bag rips open when I unwrap the string from around the tea bag. So if the string seems stuck to the tea bag I put the bag in the hot water to unstick it."
114,0.0,0.631,0.369,0.8779,0.0019037211,0.009111738,0.98898447,0.0013326048,0.19567822,0.8029891,0.9543265,Positive,0.8029891,B0037LW78C,AWNANZ5VUO7IB,John D. Zuccarino,1,1,5,1308960000,the best tea ever... freah bright clean,"this has to be one of the best teas I have ever tasted... it's clean, bright, fresh...<br /><br />great delivery...again quality... just try it..."
115,0.027,0.727,0.245,0.9379,0.0037509762,0.012069879,0.9841792,0.0107256835,0.22654891,0.7624254,0.9676697,Positive,0.7624254,B0037LW78C,A1Q4PJXI5HS5WT,ceecee,0,0,5,1333065600,Tea review,"I love, love this green tea.  It is very hard to find in our area and some places on the internet charge a big price and I usually don't get as many boxes as I did with this merchant.  I will definitely order from this seller again!! Thanks!!  I depend on my green tea fix everyday!"
116,0.0,0.645,0.355,0.872,0.001251192,0.016081374,0.9826674,0.0008758344,0.20475696,0.7943672,0.9485915,Positive,0.7943672,B0037LW78C,A2IX1B76ONTXEL,Cinderella,0,0,5,1326585600,Wonderful Tea,I love this tea. It helps curb my eating during the day. My Mom and I have given it all friends to try.
117,0.0,0.892,0.108,0.6573,0.003406008,0.03961197,0.9569821,0.0023842056,0.29532838,0.70228744,0.8646933,Positive,0.70228744,B0026Y3YBK,A3P60QLFDDCHOY,"Giordano ""GB""",2,2,5,1304899200,Great cookies,"I'm Italian and I lived in Italy for years. I used to buy these cookies for my everyday breakfast with an Italian espresso. I couldn't find them anywhere here in the Bay area, so it's great to have them again."
118,0.0,0.781,0.219,0.9751,0.0017548691,0.010143994,0.9881011,0.0012284084,0.2414008,0.75737077,0.9829724,Positive,0.75737077,B0026Y3YBK,A38BUM0OXH38VK,singlewinder,0,0,5,1347667200,Best everyday cookie!,"In the 1980s I spent several summers in Italy. This biscotti is often given as a breakfast food or mid-day snack. They are simple and delicious and were not sold in the US back then. They are so good that I brought back two bags from a recent trip to Italy. It is great to see that they may now be found on Amazon!<br /><br />Note: it is great to open a bag, smell the contents, pour a glass of milk, then dip the Macines in the milk. Great routine and treat for kids!"
119,0.05,0.872,0.079,0.8972,0.2805636,0.47737712,0.24205932,0.21139452,0.5957639,0.19314152,0.24220705,Neutral,0.5957639,B003SE19UK,AD1WWGMEQ8FWW,Bob Rex,5,5,5,1290988800,So Far So Good,"I had heard a little about this product from the local pet store, then tried a small bag for our 2 cats of about 3 and 6 years respectively. The female, younger one took to it right away, and the older male, who was unfortunately weaned on the junk cat food with all the corn meal and etc... in it, and would usually refuse a diet change, actually liked it too. The older male is overweight and we were trying to switch him to soft food on the doctor's request, but he totally refused it. He is a posh cat after all. He still consumes too many calories, the fatty, but at least I know he's eating good food. Of course, I know this product seems to cost more than most other feline food on the market, but I just can't see feeding our animals the lousy alternatives that are out there, marketed as being healthy. Why do commercials show cats eating a vegetarian diet which is mostly corn meal? Is that right? I'll stay with this for now, but stay tuned.<br /><br />I'm updating this review after 9 months of using this cat food for our two cats. I upgraded the stars from 4 to 5 as it really has been a good food for the two of them. Garfield still eats a little too much, but he's just a big cat who doesn't exercise much, let's face it. Our female cat will be 4 years old in a couple months and she's so healthy. She's tiny, but happy and agile. I tried the chicken version of Holistic Select, but Garfield seemd to miss this sardine version so we went back to this one. I've ordered the duck version and will update this once they try it."
120,0.013,0.785,0.203,0.9828,0.0032583799,0.018432528,0.9783091,0.0061808657,0.24840276,0.74571633,0.9773755,Positive,0.74571633,B003SE19UK,A2PM49X61MWZJV,DamiKris,4,4,5,1324166400,Best Cat Food,"I started buying this after I noticed my 1 year old cat was already starting to lose his ""spunk"" so I decided it was time to start buying him ""real"" cat food...not the garbage in the super markets. I found this at the pet store out of the other million choices, and I'm sure there are other brands that are just as good but this is the one I went with to try first and it was a great purchase. My cat has been on this for the past 8 months and he's now just has active as he was when he was a kitten and his coat has became sooo soft. Mainly, he loved the taste even more! I highly recommend this brand to all my friends and family for their animals!"
121,0.026,0.759,0.215,0.9509,0.0035531719,0.022995992,0.9734508,0.01028722,0.24379718,0.74591553,0.96419835,Positive,0.74591553,B003SE19UK,A3A52DETIFZNZS,Sarah Wilson,4,4,5,1309564800,Great food.,"I have done a lot of research to find the best food for my cat, and this is an excellent food.  That is also according to my holistic veterinarian.  They put probiotics on the kibble as the last step, which is very important to me.  The best thing is that my cat loved it immediately and I had to stop mixing it with the old food because she only would eat Holistic Select."
122,0.102,0.822,0.076,-0.3626,0.19982746,0.46116284,0.3390097,0.17047922,0.569414,0.2601068,-0.011352479,Neutral,0.569414,B003SE19UK,A3L15C30CBPZOR,Cynthia G. Pate,2,2,5,1330992000,Perfect Cat Food For Older Cats!,This cat food was recommended by my vet because my 13 year old Cleo Cat was having trouble keeping any food down and was loosing weight.  It stopped her problems.  She doesn't eat as much as before since she seems to be more satisfied after eating which helps justify the added price.  It aids in digestion since the...ok sorry...smells are gone if ya know what I mean.  Had to add that so anyone experiencing problems with their cats can see there are a lot of benifits from this cat food.
123,0.025,0.803,0.172,0.9022,0.13655339,0.34716147,0.5162851,0.10308737,0.483913,0.4129996,0.5364721,Neutral,0.483913,B003SE19UK,A29SUR9R8ZU54B,Alfbo,1,1,5,1313107200,Good for Feline UTI,"I have a 4 year old male cat who has chronic urinary tract infections.  I feed him this dry food in combination with wet food (with water added to it) and Uri Ease.  The combination seems to keeps his UTI's under control.  If I switch to another type of dry food, his UTI gets worse.  The other cats seem to enjoy this food as well.  It's expensive but it seems to be the best solution for me."
124,0.017,0.795,0.188,0.9769,0.084528044,0.39469147,0.5207805,0.06426963,0.514784,0.42094636,0.5984466,Neutral,0.514784,B003SE19UK,A9GRWS6KP8SMA,Anne Kirkwood,1,1,5,1292544000,Palatable and healthy,"Before I was educated about feline nutrition, I allowed my cats to become addicted to dry cat food. I always offered both canned and dry, but wish I would have fed them premium quality canned food and limited dry food. I have two 15 year old cats and two 5 year old cats. The only good quality dry foods they will eat are Wellness and Innova. Innova's manufacturer was recently purchased by Procter&Gamble. I began looking for a replacement. After once again offering several samples (from my local holistic pet store) Holistic Select was the only one (other than the usual Wellness and Innova) they would eat. For finicky cats, I recommend trying Holistic Select. It is a good quality food that is very palatable for finicky eaters."
125,0.079,0.67,0.252,0.9678,0.004302054,0.027235234,0.9684627,0.026711438,0.22006467,0.7535238,0.9652525,Positive,0.7535238,B003SE19UK,ASOEVZ99YWPVL,PurpleGreen,0,0,5,1349049600,Healthy & They LOVE It!,"My holistic vet recommended this, along with a few other brands. We tried them all, but my cats prefer this (especially the sardine version). The best part is their coats are so soft and clean and their eyes are so clear. AND (and I don't want to be rude, so I'll say this as delicately as I can) their waste is far less odorous than cats who eat the McDonalds junk found in most stores, which is a definite plus for me! The health benefits are so obvious - I highly recommend Holistic Select!"
126,0.035,0.87,0.095,0.5709,0.023989368,0.18277113,0.79323953,0.027292557,0.3889398,0.5837677,0.70974505,Positive,0.5837677,B003SE19UK,A1QAJ948PN36II,Winter Green,0,0,5,1341964800,Wonderful food - perfect for allergic kitties,"One of my cats is allergic to fish and beef. This formula is one of the few she can eat, and it has much better ingredients than the prescription diets available at the vet. Both of my kitties are very active, have soft shiny fur, and neither are fat. Dry food reduces tartar buildup on teeth, also."
127,0.0,0.721,0.279,0.9258,0.0015730276,0.014196356,0.9842306,0.0011011193,0.22623745,0.7726614,0.96560025,Positive,0.7726614,B003SE19UK,A1LWFJRITZLYUG,PMG1,0,0,5,1334188800,Holistic select cat food,Our cats thrive extremely well on this dry cat food.  They definitely have much less hair ball throw ups and their fur is great.  They are fit and not over weight.  This vendor ships extremely fast.  Is one of the top Amazon suppliers in our book!
128,0.067,0.633,0.299,0.9022,0.007769854,0.04948694,0.9427432,0.025538897,0.22454086,0.7496202,0.9251412,Positive,0.7496202,B003OB0IB8,A34UG2TNXIL0Y,Austin H.,4,4,4,1325808000,Tastes great. Love Hot & Spicy. Bad price here.,"I've been a fan of Hot & Spicy Maruchan Ramen for a long time. If you enjoy spice, and love ramen, you'll love this product. Too bad it's way too expensive here on Amazon. It's only $3.36 per 12 at my Walmart."
129,0.043,0.728,0.229,0.8142,0.0025057164,0.013060356,0.98443395,0.014654002,0.22754225,0.7578038,0.93160975,Positive,0.7578038,B003OB0IB8,A3NVZTGPORNPRW,B. Pearce,4,4,5,1314489600,My favorite ramen,"I've been eating Ramen noodles since I was a little kid, and I've never found a better flavor than Hot & Spicy Chicken!  It isn't hot at all to a chilihead like me, but it sure is good!"
130,0.114,0.676,0.21,0.6721,0.5871598,0.26330012,0.1495401,0.4452119,0.38711008,0.16767806,-0.104703784,Negative,0.4452119,B003OB0IB8,A28D854VMOEHGX,Benny,3,3,3,1329436800,It burns!,"I LOVE spicy ramen, but for whatever reasons this thing burns my stomach badly and the burning sensation doesn't go away for like 3 hours! Not sure if that is healthy or not .... and you can buy this at Walmart for $0.28, way cheaper than Amazon."
131,0.0,0.755,0.245,0.8658,0.001669051,0.016341805,0.98198915,0.0011683357,0.23793927,0.7608924,0.9459641,Positive,0.7608924,B003OB0IB8,AISIYS3D2EAOX,RTyst,1,1,5,1330473600,Amazing to the last bite.,"Always being a fan of ramen as a quick and easy meal, finding it on amazon for a decent price and having it delivered to your door by the case is an amazing situation for anyone to find themselves in."
132,0.135,0.76,0.105,-0.3612,0.7493828,0.22269788,0.027919333,0.56506795,0.3838885,0.051043533,-0.6133844,Negative,0.56506795,B003OB0IB8,A2DLRG3YX6A2ZU,luckybabe,2,3,2,1323820800,Not for me,"I must be a bit of a wuss, because this soup tastes to me how I imagine fire might taste. Typically I like spicy food if it has a good flavor.  I don't find this to be the case with this soup. Any flavor is killed off by the burn."
133,0.046,0.772,0.181,0.7902,0.08118562,0.19308423,0.7257301,0.07062993,0.36675894,0.5623111,0.6882411,Positive,0.5623111,B003OB0IB8,A56HS2VNURVJ0,"J. Espinoza ""jchav1980""",0,0,5,1343606400,Great spicy flavor,I really loved the spicy flavor these had.  I found myself liking the broth more than the noodles which is usually the opposite.  If you aren't used to the heat this might bother you and if you like hot hot foods this might not be enough.
134,0.02,0.878,0.103,0.8082,0.0017438821,0.013367531,0.98488855,0.0072207176,0.27275726,0.72032195,0.93066144,Positive,0.72032195,B003OB0IB8,AOTEC8KEH8JGN,Seth S Moyers,0,0,5,1334880000,Great value and convenient ramen,"Got these on sale for roughly 25 cents per cup, which is half the price of my local grocery stores, plus they rarely stock the spicy flavors. These things are a GREAT snack for my office where time is constantly crunched and sometimes you can't escape for a real meal. This is one of my favorite flavors of Instant Lunch and will be back to buy every time it goes on sale."
135,0.0,0.877,0.123,0.4215,0.0010293359,0.0263903,0.9725804,0.0007205351,0.2815732,0.71770626,0.8065357,Positive,0.71770626,B003OB0IB8,A1D0URD0AL237J,Mother of Pearl,0,0,5,1334620800,great flavor,i have bought allot of different flavors and this happens to be one of my favorites and will be getting more soon
136,0.0,0.9,0.1,0.6503,0.023649875,0.05785516,0.91849494,0.016554913,0.31049863,0.6729464,0.82148147,Positive,0.6729464,B003OB0IB8,A2BZNXMV0LC7OE,Alanna,0,0,4,1333756800,"Tastes great, but is cheaper locally.","I love this flavor of ramen! I don't eat other flavors anymore because they taste too bland by comparison. For the convenience of having it delivered to my home (I have prime, so I get it in two days and don't have to pay for the shipping), the price on amazon isn't bad at all, but it is still cheaper to run down and pick up a case of this at the grocery store."
137,0.0,0.695,0.305,0.9661,0.0014717444,0.011302718,0.9872255,0.001030221,0.2164119,0.7825578,0.9798577,Positive,0.7825578,B002SRYRE8,A198FU6P1BVUNZ,Sarah,0,0,5,1349740800,Tastes awesome & looks beautiful,"The BEST investment I've ever made for ginger. It's unbelievable! It's fibrous like the real ginger, has that spicy kick to it, but it's perfect with the sugar - calms it down.  It's very worth the $40 for 5lbs of it!  I'll be getting more soon - I use these as a topper for my ginger cupcakes and cookies :)"
138,0.0,0.689,0.311,0.8591,0.024912102,0.103373155,0.8717148,0.017438471,0.2790612,0.70350033,0.850492,Positive,0.70350033,B002SRYRE8,A21E0OJ4DSKXNA,Smileface,0,0,5,1342051200,Happy Face,Delicious. I cannot get Australian ginger where I live. This compares favorably to Australian Ginger I've purchased in other cities. Now I can enjoy it without traveling.
139,0.15,0.773,0.077,-0.4199,0.15639992,0.24645078,0.5971493,0.15447995,0.40441555,0.4411045,0.18255448,Positive,0.4411045,B002SRYRE8,A1FJJQA34W0F4K,"Gettin Real ""gettin real""",0,0,5,1329177600,Simply the BEST!,"I keep trying other brands.... cheaper brands. Stupid me! This ginger IS soooo worth the money. Tender, moist and never a let down."
140,0.043,0.833,0.125,0.835,0.02440162,0.07160538,0.90399307,0.029981134,0.30002376,0.6702952,0.86621404,Positive,0.6702952,B002SRYRE8,A20PK3OCKRRSA5,Mrs. J. Todd,0,0,5,1268265600,Excellent Product/Life Saver,"My son has had acid reflux since birth and has been on every medication available with no improvement, Until an older gentleman came into his work place and told him about this product and I automatically ordered it for him. I was really not expecting any better results than the 1000 other things we have tried. What a surprise! He has not had any heartburn or symptoms since day 2 of starting eating one piece of this Ginger each morning. He can now eat anything and actually enjoy it. This product was a God send for him. Thank you all for it!"
141,0.098,0.787,0.114,0.2023,0.24081108,0.43190485,0.3272841,0.19796775,0.5384334,0.26329887,0.121221066,Neutral,0.5384334,B001GVISJW,ARS5Q7LR6HWPG,"N. Pine ""pcone""",0,0,4,1314489600,Nice snack,I bought this for our office to give people something sweet to snack on.  Because it's bite size it's easier for people to grab a couple a pieces rather than an entire licorice stick. My only complaint is that one of the bags broke open in shipping.
142,0.0,0.782,0.218,0.7814,0.01640079,0.08700899,0.8965902,0.011480553,0.2955063,0.69301313,0.85055256,Positive,0.69301313,B001GVISJW,A2YIO225BTKVPU,"Angel_Boy ""Treat the people around you the wa...",0,0,4,1301788800,Good Licorice,Twizzlers brand licorice is much better than that other well known brand.<br />If you can get these for $2 to $2.50 a package with free s/h it's a good deal.<br />The black and cherry have good taste; but the strawberry taste was too delicate and barely there
143,0.0,0.763,0.237,0.9296,0.0025162995,0.007232636,0.99025106,0.0017614096,0.23396285,0.7642757,0.97029424,Positive,0.7642757,B001GVISJW,A1ROND7G1QTOFY,Karon Dixon,0,0,5,1285804800,I love these!!!!!!!!,"I love these.........very tasty!!!!!!!!!!!  Infact, I think I am addicted to them.<br />Buying them in packs of 6 bags - is very reasonable than going to Target and getting a bag.  Savings are about a $1.00 a bag.  I use subscribe and save on these and several other product.  I love subscribe and save!!!!!!!!!!!"
144,0.059,0.667,0.274,0.9653,0.0021510716,0.011133484,0.9867155,0.019205749,0.20789345,0.7729008,0.97878504,Positive,0.7729008,B001GVISJW,A1Z54EM24Y40LL,c2,0,0,5,1269129600,Great for the kids!,"If you are looking for a less messy version of licorice for the children, then be sure to try these!  They're soft, easy to chew, and they don't get your hands all sticky and gross in the car, in the summer, at the beach, etc. We love all the flavos and sometimes mix these in with the chocolate to have a very nice snack! Great item, great price too, highly recommend!"
145,0.058,0.841,0.102,0.6124,0.5052255,0.4370698,0.057704706,0.37105784,0.5582489,0.07099329,-0.1295445,Neutral,0.5582489,B001GVISJW,A281387UUS2IN5,Beantown Jim,0,1,3,1271548800,Bite sized,"I might be mistaken, but it appears that the pieces in this bag were reduced in size.  If they did do that, it was doubtlessly done to make it appear that the buyer got a better deal, having so many pieces after all.  The problem is that the pieces have to be a certain size in order to have enough flavor for your eating experience.  As it is, you have to use 2 or 3 pieces to match the old piece size;  it is not the same."
146,0.144,0.677,0.178,0.6341,0.005146591,0.03438672,0.96046674,0.046802614,0.2271707,0.72572666,0.8589541,Positive,0.72572666,B0017I8UME,A2NH6XPAZG881D,MarkD,2,2,5,1240012800,Sweet with a nice kick!,"Being a fan of Newman's Pineapple salsa for quite a while, I was looking for a comparable salsa.  This is one of the best tasting salsas I've ever had.  My daughters love it too.  They don't like super chunky salsa and the Berry Mango has a nice smooth texture with small mango pieces.  The salsa is not too sweet, just sweet enough and although it's mild, it has a nice little kick to it.  At this price, it's a steal!"
147,0.087,0.783,0.13,0.7567,0.36342338,0.418584,0.21799265,0.28049636,0.5279088,0.19159485,0.1252085,Neutral,0.5279088,B0017I8UME,AKX0RW482WAFD,Barbie,2,2,2,1224633600,BROKEN BOTTLE BOTTOMS!,"The SALSA smelled delicious, as I think it probably was - but, unfortunately, the person, at AMAZON, that is a packer (there is probably several) had very little ""stuffing"" to work with, especially on the bottoms.  Therefore, the bottoms were broken on all three bottles. As I reached for my computer; I was told NO RETURNS (cause it's a food item).  I then looked for a CUSTOMER SERVICE tag; and I found ""none"" on their NEW FACE LIFT.  THEY SEEM TO BE PROUD OF THEIR NEW FACE LIFT BUT...THEY SHOULD AT LEAST HAVE A PLACE TO CONTACT THEM IN EMERGENCIES!  LIKE: I BUY A LOT OF ""STUFF"" AND IT ALL COMES IN STYROFOAM BOXES.  NEVER WOULD I SHIP THINGS<br />ESPECIALLY SALSA - IN A CARDBOARD BOX WITH JUST A STRIPE OF LARGE BUBBLE WRAP ON IT.  NO MATTER HOW MUCH THE CARRIER (FED EX) IS CAREFUL, IT'S GOING TO BREAK SOMEWHERE ALONG THE LINE.  ESPECIALLY IN AN ALL GLASS CONTAINER!  BARBARA L. S."
148,0.058,0.867,0.075,0.1533,0.055790287,0.12982321,0.81438655,0.056453202,0.35097626,0.59257054,0.5770073,Positive,0.59257054,B0017I8UME,ATBE88PKKQTRA,Matthew R Lehmkuhler,0,0,5,1344384000,Love the salsa!!,This is one of the best salsas that I have found in a long time but stay away from the variety pack. The other two that come with it are not worth your money.
149,0.04,0.833,0.127,0.6956,0.04403794,0.18290487,0.77305716,0.04282656,0.37793338,0.57924,0.7189934,Positive,0.57924,B0064KU9HO,AJFIH0DZYJF7T,Lisa Barton,0,0,3,1350345600,Ehhh...,These remind me of dog treats I made once using pumpkin and cinnamon. They're kind of bland and not my favorite Back To Nature product. But my finace really loves them so that's where the three stars come from.
150,0.0,0.709,0.291,0.9231,0.0012933485,0.013132097,0.9855745,0.0009053439,0.22189246,0.7772021,0.96592665,Positive,0.7772021,B0037ZFEW4,ABTKZKAWOK4DC,huntersgun,3,3,5,1326153600,awesome cornmeal,"This is the best cornmeal. I made regular cornbread and hot water cornbread with this meal and both were outstanding. Also fried some oysters with this meal, it gave them a great texture and flovor."
151,0.0,0.564,0.436,0.9858,0.001566443,0.006832093,0.9916014,0.0010965101,0.17398247,0.824921,0.9887645,Positive,0.824921,B00374XSVY,AC567LXSKDNC1,Teeebooo,0,0,5,1341446400,GREAT marinade!,"This is a fabulous marinade!  I love to use it for chicken, either baked in the oven OR on the grill.  This has enough flavor & flair, I've even used it for dinner parties, only to receive rave reviews from my guests!! DEFINITELY worth the price! Super cheap and super easy! Love it!"
152,0.0,0.784,0.216,0.765,0.0020130528,0.062400118,0.9355868,0.0014091369,0.2788801,0.71971077,0.88300157,Positive,0.71971077,B00374XSVY,A2PW7DRW757OL0,Chris,0,0,5,1335052800,Awesome stuff,Works with chicken fish beef or pork. Fast easy and makes it taste excellent. Plus buying in bulk is more than 50% off from box stores
153,0.0,0.775,0.225,0.7269,0.0013454001,0.0271914,0.9714632,0.00094178005,0.251534,0.7475242,0.8971524,Positive,0.7475242,B005P0HHGK,AISCBGJRPPZ5G,"KT ""loves to read""",0,0,4,1326585600,tastes good,Got this for my brother who is on Jorge Cruise diet and decided to try one for myself.  It actually tastes pretty good.
154,0.12,0.76,0.12,0.2502,0.7083701,0.23563254,0.05599737,0.53185904,0.3929428,0.07519816,-0.38160092,Negative,0.53185904,B002HQAXUW,A17ESTP5T7T1PH,Bumbeda1,1,1,1,1324944000,Rip off Price,"These singles sell for $2.50 - $3.36 at the store for 1 box of 24 singles. I'm not sure why Amazon is selling it for $9.99 for a box of 24 singles.  Hazelnut coffee creamer is my favorite, but truly this is not a good buy."
155,0.0,0.647,0.353,0.9803,0.0016300853,0.0053900587,0.9929798,0.0011410597,0.19787306,0.8009859,0.9880347,Positive,0.8009859,B000SV90J8,A1CY94Z8YWQV12,Karas M. Stewart,1,1,5,1267401600,JELL-O,AWESOME!!! such a yummy flavor I got it as a healthy alternative to the desserts we normally eat and I am so glad that I did there are so many things you can do with Jello desserts and still have them taste good and be good for you. I will definitentally be purchasing this product again the flavor was so wonderful.
156,0.0,0.768,0.232,0.9681,0.0019889993,0.012380148,0.9856309,0.0013922995,0.2390661,0.75954163,0.97897935,Positive,0.75954163,B000SV90J8,A3OO3TXDSIJDHY,pianolover,0,0,5,1323648000,Great flavor of Jell-o.,"I went to 4 grocery stores looking for this flavor of Jello for my green tomato jam recipe and finally found it here. This jello is wonderful! Evidently it's only carried in the stores during the summer but with harvest time in the Fall, I couldn't find it anywhere in town. This Jello tastes like watermelon and the jam recipe I made with it takes like watermelon jam! Great made as regular Jello too. Yummy!"
157,0.191,0.809,0.0,-0.7269,0.022001702,0.16944812,0.8085502,0.07270119,0.36131367,0.56598514,0.33251393,Positive,0.56598514,B0036VM05I,AUIVXYS8E4DEX,Dr. Christopher Lee,1,1,5,1327708800,Great Deal,What a deal this is the healthiest salt you can use.  This box should last our family the year no problem.  Iodized sea salt will not raise your blood pressure as regular salt will.
158,0.071,0.514,0.415,0.8934,0.0023668145,0.028503515,0.9691297,0.02295677,0.17415246,0.8028907,0.9447539,Positive,0.8028907,B0036VM05I,A335SFRERY214N,"D. Melo ""Character Connoisseur""",0,0,5,1349481600,Great tasting sea salt WITH iodine,"Perfect size sea salt for the table or the picnic basket.  We love it. Shakes well, no clumping and flows freely."
159,0.065,0.893,0.042,-0.4721,0.12988526,0.32907438,0.54104036,0.11041968,0.49825203,0.39132825,0.1461786,Neutral,0.49825203,B000ITVLE2,A3NID9D9WMIV01,"Louie Arrighi ""Lou da Joo""",17,19,5,1260057600,tastes very fresh,"<span class=""tiny""> Length:: 0:26 Mins<br /><br /></span>The expiration date is 21 months from the day I bought this product. The tuna, tomato combination is delicious. This is one of the many items I re-order on Amazon every month or so.<br />edit: added a short video, so you see what this combination looks like.<br /><br />I was wearing one of those headlamps, but I didn't do a good job focusing on the tuna.<br />I should film it over, but it doesn't look like many people view this product anyway."
160,0.081,0.779,0.14,0.4194,0.08064912,0.27685255,0.6424983,0.080754384,0.4274968,0.4917488,0.5191144,Positive,0.4917488,B000ITVLE2,A395S4RA1X7BFB,Pen_Name123,3,3,5,1315872000,Simple but good,I've never heard of the SAFCOL brand before but I was tired of only trying the typical pouches; Starkist and Chicken of the Sea. I was really surprised as I thought it was a bit better than the other brands and with less seasoning.
161,0.0,0.644,0.356,0.9117,0.0012850066,0.010186672,0.9885283,0.00089950464,0.20033067,0.79876983,0.9645803,Positive,0.79876983,B000ITVLE2,ADL44P8Z4A3M5,"A. Goldsmith ""Media Hound""",2,2,5,1323043200,tasty!,"these are the best tasting tuna pack they make in my opinion - make a great on the go snack, and really satisfying with the tomato"
162,0.106,0.894,0.0,-0.5504,0.9152984,0.07865341,0.0060482295,0.67250884,0.3232574,0.0042337608,-0.80159515,Negative,0.67250884,B000ITVLE2,A1K37I9HWF3SAI,James R. Mckinney,1,1,3,1349222400,Not the greatest tasting..,"I have always purchased Star-Kist tuna but thought I would try this brand for a change of pace. The taste of the tuna was not pleasant, too much basil and other spices for me."
163,0.072,0.652,0.276,0.9517,0.024918295,0.14422978,0.8308519,0.039042808,0.29656085,0.6643963,0.8496635,Positive,0.6643963,B000ITVLE2,A6Y8N2GHDH0ZO,Matty,0,0,4,1348272000,Not Bad,"I'm not familiar with the Safcol brand but being a tuna addict, gave this a shot. The tuna tastes like it's good quality but I found the tomato basil flavor to be a bit bland. It's better than something plain but it didn't pack the punch I was hoping for. It's still a great option for a low calorie, low fat meal."
164,0.047,0.869,0.085,0.4199,0.0043773213,0.051931012,0.9436916,0.017164126,0.2970517,0.6860841,0.78348994,Positive,0.6860841,B000ITVLE2,A5X6PJANY4XW4,"Tcat Houser ""A Customer""",0,0,5,1348099200,"Right size, taste","I found it much tastier than the plain tuna pouches out there. Excellent quality, and no need to 'dress it up'.<br /><br />I put it the micro on about 20% power for 1 minute and Shazam!<br /><br />I believe a little heating brings out the flavor."
165,0.025,0.752,0.223,0.8957,0.36830828,0.42519736,0.20649442,0.26531577,0.5232382,0.21144609,0.15544033,Neutral,0.5232382,B000ITVLE2,ARTBQH9WOZTIV,"Billy Wilson ""amzrview""",0,4,1,1269216000,Tasteless but low calorie,Seriously this product was as tasteless as they come. There are much better tasting products out there but at 100 calories its better than a special k bar or cookie snack pack. You just have to season it or combine it with something else to share the flavor.
166,0.032,0.717,0.251,0.9597,0.0017836929,0.017604066,0.9806122,0.0108485855,0.22742285,0.7617285,0.97308993,Positive,0.7617285,B003TQQKFQ,A2TUJ3MOKXZVYK,Amy,1,1,5,1338508800,This stuff is sooooo good!,"I read about pomegranate molasses so I had to try it! I haven't made anything with it yet, just eaten a little bit at a time but WOW is it decadent! It's dark, syrupy, sour, and a little sweet. A dab of this and I forget about dessert. It's just a really unique flavor with a pleasing metallic undertone. Yum!! I'm going to try making fesenjan next :-)"
167,0.0,0.657,0.343,0.9098,0.0016492152,0.028126474,0.9702243,0.0011544507,0.21678853,0.78205705,0.9509425,Positive,0.78205705,B003TQQKFQ,A2QHQM3HHFUSHG,Catherine Lea,2,3,5,1334102400,Best Stuff Ever,"Used this in Moroccan recipes, as a syrup in a brilliant mixed beverage and as a swirled topping on sliced oranges soaked in orange water.  Wonderful, wonderful stuff!"
168,0.05,0.905,0.045,-0.1154,0.9482189,0.04690355,0.004877546,0.6787532,0.30433246,0.016914282,-0.6949589,Negative,0.6787532,B007B9J6G2,A34YK0ZTWOR858,NikkiBast,1,1,1,1345420800,Very Low quality,"I don't know how long these sat on the back of a shelf somewhere, but they were so old that they wouldn't cook.  I had to throw half of them out, because the skins were damaged, a clear sign of dried beans past their prime.  I can't even return these or ask for a refund, because food is not returnable.  Will find a different brand to use.  For now, I have about fifty servings of beans to throw away."
169,0.186,0.74,0.074,-0.5283,0.9343901,0.05704219,0.008567596,0.7098731,0.26192954,0.028197316,-0.80656576,Negative,0.7098731,B0064KO0BU,A34D61RQILOKIJ,TampaBayGal,1,1,1,1350086400,Not Banana Runts,"Besides being smaller than runts, they look the same and have the same consistency.  Unfortunately, they taste nothing like banana runts...nor do they even taste good.  Yucky stuff.  Trying to return with vendor."
170,0.141,0.832,0.028,-0.7721,0.69411033,0.26396176,0.04192794,0.5281772,0.43437323,0.03774956,-0.6881577,Negative,0.5281772,B0064KO0BU,AAV3AEI6YSYA2,sue,0,0,3,1345766400,Banana Heads Not Banana Runts,"The item over all was fine, but the Banana Heads are not just like Banana Runts they are alot smaller. Also when I received the item, the packaging was not great. The Banana Heads had come open during shipping and were all over the packing envelope."
171,0.0,0.854,0.146,0.6476,0.0017671342,0.0575755,0.9406573,0.0012369939,0.29650283,0.70226014,0.85150313,Positive,0.70226014,B0064KO0BU,A104Y49ZQ4CYJ2,"H. Adams ""hollya""",0,0,5,1344816000,Worked great!,"I purchased as a giveaway for a baby shower with Jungle theme! They worked out perfect for 25 small bags of candy. I purchased 5#. If you want more than 25 small bags, I would purchase a larger bag."
172,0.04,0.844,0.116,0.6808,0.005957363,0.048739333,0.94530326,0.016170155,0.2873175,0.6965123,0.8617821,Positive,0.6965123,B001IUKD76,A2KVCXTQVN18KI,"A. Martin ""tony_fourbu""",3,3,5,1283299200,Ricore forever,"I have drunk Ricore since my mother allowed be to drink caffeine. I love this stuff in milk.<br />It's much smoother and tastier than instant coffee with milk. I am French and live in the US,<br />and bring back boxes of Ricore at every opportunity. Savora is another hidden gem you can bring<br />back. Check it out."
173,0.0,0.763,0.237,0.8906,0.0021157106,0.0111341085,0.9867502,0.0014809974,0.23669387,0.76182514,0.956424,Positive,0.76182514,B001IUKD76,A2K8UBI64T0BM8,A. Carriglio,3,3,5,1262131200,Delicious!,"I first had this drink when my mother brought it back with her from a visit to her home in Brittany France and thought it was delicious!  I wish it were a bit cheaper but other than that, I love this product!"
174,0.022,0.788,0.189,0.9901,0.0049084513,0.04805464,0.9470369,0.010035915,0.27003825,0.71962583,0.95651984,Positive,0.71962583,B0081XN2HQ,A3HUV0ZQPXO3V7,Pink Dandy Chatter,0,0,5,1344902400,"Fluffy, Soft, Delicious and Sugary Sweet","I couldn't wait to try the 8&#8243; Cinnamon Coffee Cake because it is made with fresh eggs, creamy sour cream, Madagascar Bourbon Vanilla and is topped and filled with cinnamon streusel. This 8&#8243; Cinnamon Coffee Cake is available online for only $18.95. Now, I have had my fair share of cinnamon coffee cakes, but, let me just tell you that the FantasiCakes Cinnamon Coffee Cake really ""takes the cake"" with size, price, quality and taste.<br />The cake arrived very fast and was carefully packaged so that it arrived in almost perfect condition. It also comes with a large tub of white icing that you can drizzle over the top, before serving. I couldn't believe how large the size was and it actually fed my family of 5 for us to enjoy during breakfast, for three days. The cake itself is thick and almost has a solid but sponge cake type consistency that is really moist and very filling. The flavors are to die for with the sticky cinnamon outside and sweet cinnamon and vanilla swirled throughout the inside of the cake. The icing really tops it off beautifully and gives it that moist and sticky sweet flavor. Pair the cake with your morning coffee and you've got the perfect breakfast treat!"
175,0.04,0.722,0.237,0.9782,0.042037755,0.168231,0.7897312,0.041426428,0.3343617,0.62391186,0.8168454,Positive,0.62391186,B0025VRCJY,A3PPOTV6659ATF,Jerald,5,6,4,1280793600,Great but not as good as it was back in the day as a teen,I used to love these growing up and stopped drinking water and lemon juice from this brand about 5-6 years ago. This stuff used to be so strong i used to just pour some in my mouth and get that alive feeling going. It feels like the product went through changes which added more water or something to make it not so strong. The stronger it is the less you use as well. The product is still really good but the taste is the same quality as the cheaper brand names almost. I thought  these would go fast but hey all lemon stuff i love unless it goes bad. This is a good product just wish it still had that hit me in the mouth chug sensation it used to be like.
176,0.0,0.874,0.126,0.7579,0.0014610904,0.017898005,0.9806409,0.0010227633,0.2747286,0.72424865,0.9127959,Positive,0.72424865,B0025VRCJY,A2VYRRDJN2UKWB,"Dario Quinonez ""aprilkid""",1,1,5,1299974400,EXCELLENT LEMON JUICE,"One of the best lemon juice that I have tried. I am recurring customer due to the high quality of this product. When the season for fresh lemos is out, this one supplement our need for the citrus on the kitchen or refreshments.<br /><br />I will continue buying it."
177,0.0,0.938,0.062,0.4215,0.0027336779,0.04397882,0.95328754,0.0019135745,0.31218517,0.6859013,0.7918377,Positive,0.6859013,B0025VRCJY,A2ACUGNVT36JYX,Lyannah,0,0,5,1325203200,Great Product,This lemon juice is a must in my kitchen year-round. It has a powerful flavor and you don't need much of it to zest up a dish. I add a spritz of it to my water nearly every day.<br /><br />I will buy this product again and again.
178,0.058,0.794,0.148,0.6249,0.03318732,0.17210297,0.79470974,0.040631123,0.35867208,0.6006968,0.72053576,Positive,0.6006968,B0025VRCJY,A3F8JQ5J29GWUV,qv240,0,0,5,1315526400,Handy,"Fast delivery and good product. This is the same lemon juice concentrate you can find in stores and it's really handy to have around to add to sauces, dressings, etc. Such a pain to squeeze fresh juice everytime you need it, nevermind having the lemons on hand to begin with."
179,0.2,0.63,0.171,0.1203,0.06252631,0.1833647,0.75410897,0.10376841,0.31735528,0.57917625,0.52019787,Positive,0.57917625,B0025VRCJY,A3L9ZT7SRJYLVH,"JDTexan ""JDTexan""",0,2,4,1293926400,ReaLemon Juice from Amazon.,"This is not as good as the Frozen Lemon juice, but it is good. It has a slightly odd flavor, perhaps from a preservative. Sure wish I could order the frozen juice!"
180,0.048,0.829,0.122,0.7458,0.011383903,0.054276668,0.93433946,0.022368733,0.28669366,0.6906376,0.8698089,Positive,0.6906376,B005CJVVJ8,A3O8ZE8BHREE0W,Tom Falcon,8,8,4,1314316800,"relaxing, almost like something you smoke","Couldn't believe it when told how relaxing this beverage was. Seriously, drink it only if you are getting ready for a nap or bedtime. If you have plans to drive or perform any other activity not recommended.<br /><br />I feel my arms and legs almost tingle with relaxation. After a short time my eyes start to get droopy and I am in another place.<br /><br />Love this stuff."
181,0.076,0.767,0.156,0.6085,0.1188616,0.34905046,0.5320879,0.10600312,0.47443533,0.41926152,0.47180843,Neutral,0.47443533,B005CJVVJ8,A3BSTFFIKK5YTW,"BOATS99 ""BOATS99""",6,6,4,1327968000,Never paid that much !,I bought these at Grocery Outlet here in the Seattle Tacoma are for $4.00 a case of tweleve not paying $38.00 Yes 3 for a dollar. I like the taste not great but not bad either low calorie will buy more but not at this whacked out price.
182,0.0,0.433,0.567,0.9667,0.0018885686,0.007512773,0.9905986,0.0013219981,0.13515894,0.8635191,0.9821069,Positive,0.8635191,B005CJVVJ8,A3F44FUPG97AA9,Monie,1,1,5,1339545600,Marley's Mellow Mood Lite - Half Tea Half Lemonade,"This is an great product. The taste is great, and it works exactly as described. Superb natural sleep aid. AMAZING!"
183,0.088,0.743,0.169,0.943,0.025213907,0.10751438,0.8672718,0.044049732,0.29816008,0.65779024,0.87234044,Positive,0.65779024,B005CJVVJ8,A1AL946PZ24084,Melinda K. Sanders,0,0,3,1334707200,Great product to help you sleep,"WE have been looking for ""natural"" ways to help us sleep since we always seem to be overloaded with stress and a busy schedule. Yes, we'd probably be better served taking a yoga class, but this is a good second choice. This helps you fall asleep and stay asleep. I drank half the first night and that was plenty for me. After about 30 minutes, I was ready for bed! I woke up refreshed and with no sleepy-drug hangover, so that is a huge bonus.<br /><br />I gave the product 3 stars (instead of the 5 it deserves) as their packing job was marginal at best. The product arrived with 2 broken bottles, which at this price is a $6 loss! The bottles are glass and all they did was wrap one layer of the small-bubbled bubble wrap around the case and placed it in a larger box with extra room to move around in that box. Big packing fail, but the product is awesome."
184,0.0,0.857,0.143,0.9577,0.0025648735,0.030259036,0.967176,0.0017954115,0.2782813,0.71992326,0.96253777,Positive,0.71992326,B001KUUNP6,A262Z0S6PT9U16,Lee Thombley,3,3,5,1292716800,Perfect for gluten-free chocolate chip cookies,"We made chocolate chip cookies with BRM Garbanzo Bean Flour and the results were fantastic!  The brown sugar and chocolate mask any bean taste that other reviews have mentioned.  Our friends couldn't discern any difference from classic CCCs.  The texture, body, and elasticity (meaning reduced tendency to fall apart that occurs with most other gluten-free flours) is nice and chewy -- the same as CCCs made with regular flour.  And an added bonus -- the high protein and fiber level (I calculate 2-3 g fiber/cookie) fills you up so that you are satisfied with smaller servings and the glycemic index is significantly lower.<br /><br />I highly recommend this flour even if CCCs are the only thing you make with it."
185,0.11,0.593,0.297,0.6597,0.0019503072,0.0129919145,0.9850578,0.034365214,0.18699434,0.77864045,0.8860853,Positive,0.77864045,B001KUUNP6,A317BY3IPZ83MJ,"James G. Colet ""psychocarp""",3,3,5,1235520000,Garbonzo  Bean Flour,This  is great stuff.  Made some really tasty banana bread.  Good quality and lowest price in town.
186,0.189,0.811,0.0,-0.5994,0.14508109,0.42683983,0.42807904,0.15825677,0.54208785,0.29965532,0.018278599,Neutral,0.54208785,B001KUUNP6,A18VJ0WOQAIZYD,Ean Behr,0,0,5,1337299200,yum falafel,"We had trouble finding this locally - delivery was fast, no more hunting up and down the flour aisle at our local grocery stores."
187,0.016,0.842,0.142,0.9944,0.011416696,0.18703969,0.8015436,0.012791688,0.38352782,0.6036805,0.85140884,Positive,0.6036805,B000NY8ODS,A1IU7S4HCK1XK0,Joanna Daneman,2,2,5,1333843200,"Make a fresh fruit tart, light and beautiful","This packet of glaze is the secret to making those European style fresh fruit tarts. I am about to make one for a pie auction at church, after a friend requested that something ""strawberry"" should be offered. You can make the most amazing and relatively ""healthy"" fruit tarts by baking a base, layering it with uncooked, fresh, sliced fruit, then pouring over the made-up contents of one of these packets. They harden up at room temperature, hold the fruit together so you can slice the tart, and they let the beauty of the arranged fruit show through. I've also seen this glaze used over cheesecakes, to hold a fruit topping in place. Personally, I do not like cheesecake (too rich for me) but a fruit glazed cheesecake is gorgeous, I will admit. To do this, slice fruit and layer it on the cheesecake while it's still in the springform pan. Pour on the glaze, let it set up and then remove the springform. You'll have a clear layer of fruit on top of the cheesecake. Cherries, strawberries or sliced mangos are nice, but the best one I ever had used thin slices of lemons, that had been gently poached in sugar syrup before they were layered on the cake.<br /><br />I use a base of sponge cake, baked in a shallow form, but other bases can be pate sucre  (a kind of French pastry that is a bit like a sugar cookie) that works well in those fluted, straight-sided forms. You can also make mini-tarts in a muffin pan, pre-baking each mold with a layer of pie crust (even commercial crust works, though again, I prefer pate sucre, it holds its shape better and is more substantial and has a better crumb.) Just blind-bake the muffin tins lined with pate, then pop them out and fill with fresh fruits (berries are great) and pour over the glaze. Some people put a layer of creme patisserie, which is a pastry cream like custard but stabilized with flour,  below the fruit and I happen to think these taste best.<br /><br />If you get into baking, this glaze is a must-have on the shelf. The ingredients are vegan: tapioca starch, carrageenan, dextrose, cream of tartar, locust bean gum, so if you are looking to make a vegan tofu cheesecake, you can use this on top, as well as use it for fruit tarts with a nut crust base."
188,0.0,0.824,0.176,0.6983,0.037357345,0.22594142,0.73670125,0.02615014,0.40535897,0.56849086,0.69903076,Positive,0.56849086,B00029XIZI,A2S72TUJDQUBMH,Nadia,0,0,5,1236124800,Miracle,"My Scotties were full of hot spots and when I used this within a week all the hot spots were gone. The smell is kinda strong, but not bad. It's tolerablel."
189,0.0,0.843,0.157,0.8868,0.003364216,0.030222988,0.9664128,0.002354951,0.2740561,0.72358894,0.94017386,Positive,0.72358894,B004V6AH34,ATX44LVZL5JFV,Silvy,1,1,4,1314403200,not bad for instant healthy coffee,"I bought this coffee because its much cheaper than the ganocafe and has the organic reishi mushroom as well as other healthy antioxidants.  I didn't expect it to taste good, but it actually does!  I've only had it for a few days and for $5 its totally worth it.  My sisters all take ganocafe but now I'm introducing them to this less expensive similar coffee.  I will follow up on this product in a few weeks.  :)"
190,0.0,0.934,0.066,0.3506,0.10829259,0.3163683,0.5753391,0.07580481,0.50165784,0.42253736,0.43211246,Neutral,0.50165784,B004V6AH34,A3AFVGFX175F9N,Gift Card Recipient,0,0,3,1340582400,It's ok,"The coffee is very finely processed and the flavor is just alright.  Nescafe and Mount Hagen are better - I bought this to try something other than these two, but I probably won't get this again.  There is just a slight ""vitaminy"" taste, but it's not overwhelming.  It's also a bit pricey for what you get."
191,0.148,0.64,0.212,0.4926,0.002107648,0.016815938,0.9810765,0.045875352,0.20377116,0.7503535,0.83305824,Positive,0.7503535,B004V6AH34,AXAJ1GHE97YE2,"Jasmin Song ""Jasmin Song""",0,0,5,1339027200,I love it!,"This coffee is great because it's all organic ingredients!  No pesticides to worry about, plus it tastes good, and you have the healing effects for ganoderma."
192,0.0,0.75,0.25,0.9062,0.0013114836,0.012644118,0.9860444,0.0009180385,0.23385088,0.7652311,0.96117306,Positive,0.7652311,B004V6AH34,A3POAWC2JPQQQP,me,0,0,5,1338249600,great taste and has health benefits!,"Like the other people mentioned, this coffee has a great taste. I've tried different instant coffees before, but this one is one of the better ones. Another one of my favorites, if you want to try it out (though NOT organic), is 'Africafe pure instant coffee'"
193,0.055,0.728,0.217,0.8756,0.030883651,0.055609066,0.91350734,0.038118556,0.25732633,0.70455515,0.8805165,Positive,0.70455515,B004V6AH34,AJZ2A9UOJK0RB,LK,0,0,5,1336089600,Tastes Great. Arrived in 2 days!,"Tastes great, and gives me energy without the jitters. Love this product.<br />However, I do wish it came in some sort of resealable jar or hard plastic container instead of a zip-lock pouch because the zip-lock ripped off and quit working after awhile. But the product is fantastic, just not crazy about the packaging."
194,0.031,0.735,0.234,0.9595,0.007462435,0.026351811,0.96618575,0.014523705,0.23894627,0.74653006,0.95895624,Positive,0.74653006,B0028C44Z0,A19NGYCQ1NCF3W,S. Haney,2,2,5,1323820800,Great for after lunch,These little guys are tasty and refreshing.<br /><br />I usually eat salads for lunch which can do terrible things to breath.  I eat 2 of these after lunch (because they are so small) and I find this sufficiently resolves the problem.<br /><br />They're sugar free (sugar can actually help the smelly bacteria grow) which is great and they're tasty enough that I almost think of them as part of my lunch.<br /><br />This is a good bulk value buy and I'd highly recommend the mints themselves.  Cheers!
195,0.082,0.483,0.435,0.8299,0.049120855,0.20355546,0.7473237,0.058984596,0.2873888,0.6536266,0.7377119,Positive,0.6536266,B0028C44Z0,A32DDKLY942A84,"PrinterCPE ""damnsilly1""",2,2,4,1284249600,"Nice little mints, but pricey.","I like these better than the regular Altoids, but they're even more costly, so you'd better like them."
196,0.0,0.761,0.239,0.9538,0.0020688805,0.025906656,0.97202444,0.0014482163,0.24643466,0.7521171,0.9651089,Positive,0.7521171,B0028C44Z0,A3B6S35IUGOGW4,Rutt10,1,1,5,1300406400,Altoids mini mints tins,These little tins of sugar free mine mints were a great deal.There perfict for on the go.Fifty mints per tin is just the right amount to cary along.And there safer for your teeth than the ones with sugar.The price of twelve dollars was very resonable.Also there great for shareing.If you are looking for a mint try these ones.Youll be glad you did.
197,0.0,0.917,0.083,0.4738,0.062789895,0.30154267,0.63566744,0.043952927,0.48617986,0.4698672,0.54315424,Neutral,0.48617986,B0028C44Z0,AI7O5C9KBVSTF,i&#60;3pnutbutter,3,4,5,1274054400,Altoids Smalls-Wintergreen,"Pros:<br />+packaging, shipping, price<br />+sold about a year before its expiration date (enough for me to eat/share 9 boxes)<br />+not too ""fresh"" like the regular wintergreen and not in a powdery form. it's a real mint!<br /><br />Cons: none!"
198,0.0,0.904,0.096,0.4153,0.64042616,0.31095317,0.048620664,0.4482983,0.48886722,0.062834464,-0.28967386,Neutral,0.48886722,B0028C44Z0,A4LL4KXLRBQHQ,stillgoinstrong,2,3,3,1278460800,Sugarfree...,"Be careful not to eat too many of them in one day, as one of the chemicals in it is the same as that of a LAXATIVE!!! LOLOLOL!!!"
199,0.0,0.701,0.299,0.8268,0.0010561256,0.018172989,0.9807709,0.00073928793,0.22302109,0.7762396,0.9338403,Positive,0.7762396,B0028C44Z0,A3U94LRA4I8YAL,"Brenda Woodward ""love to read""",2,3,5,1265932800,Tasty!!,These mints are really strong and have a great taste. They are also a convenient size to carry in a pocket or purse.
200,0.0,0.811,0.189,0.7178,0.008402123,0.116091534,0.87550634,0.005881486,0.32456407,0.6695544,0.82231295,Positive,0.6695544,B0028C44Z0,A1WTXY4MW3YDF2,Gordon,0,0,5,1344729600,These mints are awesome!,This is a huge supply of them. I'm still working on these and have plenty to spare. Much more effective than buying one from the grocery store or 7-11 every time you want a mint.
201,0.039,0.888,0.072,0.6381,0.57523584,0.38917652,0.035587613,0.41436508,0.5388236,0.04651133,-0.18632376,Neutral,0.5388236,B0028C44Z0,A1UF2VN3O50NGW,Lou,0,0,2,1330819200,Altoids Smalls,"Even with small containers, they don't fill them up.  These little tins are less than half filled and at the price charged it seems a rip-off. Is there some exotic ingredient as costly as gold contained in those tiny squares?  Or how about the cereal ploy, they were filled at the factory but settled in transport.<br />Can manufacturers be honest in their dealings?"
202,0.064,0.597,0.339,0.9531,0.0063134097,0.03588007,0.95780647,0.023619387,0.20421606,0.7721645,0.9519751,Positive,0.7721645,B0028C44Z0,A3VAYCK681VZZO,Optimus,0,0,5,1320710400,Love these! And reusable containers,"I love, and use the empty containers for medicine/advil in my purse, desk, suitcase. Also line with felt to keep earrings. Perfect little size to disguise small valuables when traveling and LOVE the mints. Tiny and powerful without burning my mouth."
203,0.0,0.688,0.312,0.8225,0.005034403,0.0320262,0.9629394,0.003524082,0.22881834,0.7676575,0.91728354,Positive,0.7676575,B0028C44Z0,A3TIC20I6XI297,dog lover,0,0,5,1320451200,Altoids,Received as shown. My mother in law likes these and Walgreens quit carrying them. It was great i could get them on Amazon.
204,0.061,0.814,0.125,0.8728,0.13175766,0.39078292,0.4774595,0.11053036,0.51774806,0.37172163,0.50383127,Neutral,0.51774806,B0028C44Z0,A2Q8F5N7HQXWDW,Bell Girl,0,0,4,1316908800,A huge hit at the office!,"I keep a case of these in my office and always have at least a tin or two on my desk for visitors to help themselves to. Some folks stop by just to grab some mints and others pop them like candy while we meet. When I find someone who keeps coming back for more I just give them their own tin! One co-worker asked me to save the tins for her so she could use them as pillboxes and safety pin boxes. Like I said, theyre a real hit. Since I wouldn't be able to keep my hands off a candy dish, this is a good alternative to have around and it's nice to have them around if I have garlic for lunch! I gave the item 4 stars because they aren't as tasty as the sugar version of the mints  but what sugar free item is as good as it's full sugar counterpart?) and because of the fact that each tin is wrapped in plastic which seems like a waste and is irritating to remove (although I totally get why they wrap it - it still doesn't make it easy to deal with)."
205,0.0,0.882,0.118,0.6249,0.0021677318,0.011405092,0.9864271,0.0015174123,0.27258357,0.725899,0.8764516,Positive,0.725899,B0028C44Z0,A2RMYCQIST622H,Dan,1,2,5,1322438400,"Love 'em, they're great!","The tiny Altoids are great for a quick breath freshening and the small box is great for portability. It's full, but compact.<br /><br />I haven't run out yet, and probably won't for a couple months, but I can't wait to buy it again."
206,0.0,0.754,0.246,0.9368,0.0017023444,0.0069474033,0.9913503,0.0011916411,0.23106319,0.76774514,0.9737935,Positive,0.76774514,B0028C44Z0,A27D5IRAIGLOG5,Texan Gal,1,2,5,1271635200,Love these!,"I loved these Wintergreen Altoid Smalls so much, I had to come write a review. The packaging is small for convenience, and the Altoids are smaller as well with a square shape, blue hue, and even more delicious taste in my opinion. I definitely prefer them over the regular-size Altoids and will continue purchasing them! Highly recommended!"
207,0.0,0.59,0.41,0.8779,0.0030471254,0.032365676,0.9645872,0.0021329878,0.19965598,0.79821104,0.9364481,Positive,0.79821104,B0028C44Z0,A5F7YR0G7H9HR,Ma J. Vargas Peña,0,1,5,1315180800,fresh!,Fresh scent and taste. Easy to eat one tin in few hours. I use them as favors and everyone loved them.
208,0.051,0.8,0.15,0.8436,0.00481941,0.04611087,0.94906974,0.018673588,0.2722776,0.7093488,0.91405535,Positive,0.7093488,B0028C44Z0,A2E0MNOYZI00VW,Deborah Laux,1,3,5,1314662400,Wintergreen Me,"Hard to find the wintergreen smalls [sugar free] as stores only have the red smalls [peppermint --such a common flavor]. The wintergreen is refreshing and absolutely delicious. Driving cross country, if someone cuts me off, I turn to my daughter with my hand out and say ""Wintergreen Me!"" She pulls one out, puts it in my hand, and all is right with the world."
209,0.05,0.82,0.13,0.8913,0.09590443,0.28223944,0.62185615,0.0821331,0.4435676,0.4742993,0.6355562,Positive,0.4742993,B0028C44Z0,A3BJ9NS09YGQT5,"Atl Chris ""Atl Chris""",0,3,1,1314489600,These just don't do it for me as breath mints,"To me, these are nothing like the regular Altoids and are not breath mints. They are pleasant-tasting little candies in a cute convenient tin, and that's as far as it goes. The mintiness is just not strong, and the wintergreens are definitely weaker than the peppermint minis. I'm not a dragon-breath person, but still, one of these mints is too small to have any effect on my breath. Four or five will freshen my breath for a short while - maybe 15 minutes. At this point, I think the Icebreakers Frost mints are the best as sugar free breath mints."
210,0.045,0.761,0.194,0.9893,0.013687982,0.116435006,0.869877,0.023081588,0.3098045,0.6671139,0.8961222,Positive,0.6671139,B0009XLVGA,A3S84SEN2Z6DZU,"EJ ""Seayhorse""",2,2,5,1299283200,"better than average, more expensive than average.","we have fed our cats a lot of stuff. These 2 boy cats are not picky eaters. They loved the Purina. They loved the Nutro. They loved the Iams. They love whatever we feed them.<br /><br />This review is based on what we, their affectionate owners love. After a certain age, we were instructed by the vet to consider senior foods- and lower carb foods, because the catties were fatties. We tried a few types of food. Some evinced no change. Some made the litter super-stink.  Some had too small a kibble and the cats barfed it up because they didn't have to chew it to swallow it...<br /><br />This Felidae has done the trick. No problems to speak of. It is consistent in the litter and bearable on the nose. The cats love it. The kibble is sized appropriate to chewing. And here's the kicker:<br />After feeding the cats Felidae, their demeanor improved. Their coats are super soft and lush- both are new improvements we can directly attribute to this food. We're now loyal Felidae consumers.<br /><br />Additionally, the absence of corn product in the feed seems to lessen or remove the reactions of our friends with cat-allergies."
211,0.075,0.755,0.171,0.9218,0.017106293,0.09481575,0.888078,0.034474406,0.29287103,0.67295456,0.8862201,Positive,0.67295456,B0009XLVGA,A2U3Z5S70AE80V,Margaret,2,2,5,1267920000,My cat loves it!,"I started my cat on Felidae Platinum about 3 weeks ago and she loves it. She's an older cat, somewhat overweight, and had a grouchy temperament. I first mixed it with her previous food and she figured out which was which -- she ate the Felidae and left the old food! She's now been on just the Felidae for about ten days now, off the old food entirely, and she is a much sweeter, happier cat. I think it must agree with her better or be more easily digested, or something. In any case, I am a happy purchaser of Felidae. I don't agree with the previous reviewer that cats don't like it. Clearly, mine does."
212,0.051,0.821,0.129,0.9529,0.022888854,0.23711166,0.7399995,0.031322196,0.41227818,0.55669963,0.7878474,Positive,0.55669963,B0009XLVGA,ATHUN0PJ0MG0P,"R. Cross ""LVWolfman""",1,1,5,1315008000,Great For Fat Cats and Senior Citizens,"We have three cats, the youngest is about eleven years old, another is fifteen and our oldest is, well ancient.  That is what the vet told us ten years ago.  The youngest is a blob.  When he lays down, he looks like a footstool. The other two are arthritic and skinny.<br /><br />Since we had such success with Canidae Platinum for senior dogs, I figured that we'd give it a try for our cats.  I'd had them on low ash Purina One Urinary tract formula for their entire lives and thankfully we had no UT problems.<br /><br />Buster, the youngest, is still a blob after six months plus on Felidae for Senior and Overweight cats.  However, the other two are now much more active and we can tell that they are really ""feeling better"" since we changed their food to Felidae.  Even Prissy, the ancient one has started to play and tease the dogs by getting them to chase her, where before when she was on Purina One, all she wanted to do was to sleep.<br /><br />I think that if you can get your cat on this fairly early in their weight problems, it'll be more effective.<br /><br />However, the glucosamine will certainly help your older fur balls have a happier life."
213,0.051,0.838,0.11,0.4404,0.69261515,0.26319653,0.044188336,0.5001306,0.43563756,0.06393184,-0.32177877,Negative,0.5001306,B0009XLVGA,A2LWOW7SO2QPML,JHexatthewheel,0,1,2,1310515200,Nearly killed the cats,"Too much of a good thing? We worked this kibble in over time, slowly shifting the percentage of Felidae to national junk-food brand until the bowl was all natural. By this time, the cats couldn't keep it in or down. What a mess. We've moved on."
214,0.095,0.883,0.022,-0.9726,0.760797,0.21611947,0.023083534,0.5610579,0.41618362,0.022758473,-0.8081795,Negative,0.5610579,B0009XLVGA,A1NHQNQ3TVXTZF,"Desert Girl ""chrissylovesherhusband""",3,10,1,1220227200,CHANGED FORMULA MAKES CATS SICK!!!!,"As with canidae, Felidae has also changed their formula.  Cats do not like change when it comes to their food.  And they just had to change it without putting it on their label.  We noticed the color of the food had changed and so did the smell.  (As you will notice I have also reviewd the Canidae, and this all happened the same time the dogs were having issues.)<br /><br />Prior to the change in food we had almost lost two of our cats because we had moved to a new home.  If cats get ""upset"" because of a change in enviorment, or a loud noise they can stop eating.  It depends on the cat.  Two of them had stopped eating and had lost a lot of weight.  We took them to the vet and it took months to get them back to normal.  It has been a year since then and they are better.  Then the formula for this food changed.<br /><br />We started to noitce they were not eating as much and it started to bug us.  We asked the shop owner of the feed store and she had no knowledge of any change to the food.  It wasn't until the we were in there with other customers yelling about their dogs food making their dogs sick.  Right away we changed the cats food and they started chowing down and haven't suffered one bit like our dogs have.<br /><br />Cats are sensitve animals and changes to thier food could cause them to stop eating.  Anyone thinking of purchasing this food should not do it!  We have 5 rescued and fixed cats, none of which are picky eaters and the change in this formula could have been the death of them had we not found out about the change in their formula.<br /><br />I urge anyone that has had these problems to go to the consumer affairs website and also the FDA website and write a letter to them to let them know how this has affected your animal.  As with canidae they do not care how the change has affected my animals, and tell me not to buy it.  This is just horrible!"
215,0.0,0.891,0.109,0.6476,0.0032443244,0.039891507,0.9568642,0.002271027,0.29522407,0.70250493,0.8618139,Positive,0.70250493,B002TDK0VK,A3FU8FVBZ8ZODD,D. Anthony,0,1,4,1320796800,Best by the case,Don't buy just a few of these!  I order these by the case.  I can't even remember the first time I tasted an anchovy stuffed olive but I have tried several of the brands online and this brand is my favorite.
216,0.0,0.798,0.202,0.7964,0.0017572845,0.015080388,0.9831623,0.0012300991,0.24995627,0.74881357,0.92590356,Positive,0.74881357,B002TDK0VK,A24HJWXL3LHULM,scott Smith,0,1,5,1289865600,Looking for a different flavor?,I order these olives a lot. They are un-like any other olives out there. The subtle flavors of the brine go great with cheeses. One of my favorite appetizer treats for guests.
217,0.078,0.922,0.0,-0.296,0.36882615,0.53968257,0.09149131,0.2815783,0.6543778,0.06404392,-0.28293437,Neutral,0.6543778,B002TDK0VK,A3GRP8QRFGDH8T,Technically Proficient,1,4,1,1296086400,Price cannot be correct,"Hey, the description says 360 grams - that is roughly 13 ounces at under $4.00 per can. No way - that is the approximate price for a 100 gram can."
218,0.015,0.884,0.101,0.9736,0.06660527,0.4823083,0.45108646,0.051123686,0.6028158,0.3460605,0.56121683,Neutral,0.6028158,B0040WAG7Q,A19SDJ2TSSL8HI,K. McGee,0,0,3,1347667200,More Hot/Spicy than McCormick's Brand,"My husband and I are both kind of wimpy when it comes to hot things and this seasoning is just a bit too spicy for us. It definitely makes you sweat a bit when you're eating it. It was still edible to us by adding a good sized dollop of sour cream but I don't think I would buy it again due to the heat. We prefer the milder McCormick's brand of Fajita mix. I've also had fajitas in a couple of different restaurants and it wasn't as spicy as this mix is.<br /><br />If you like super spicy then this is not burning hot so you might want to keep that in mind. To me it was more than medium hot but not by too much.<br /><br />I gave it three stars because it was pretty easy to make and it's versatile in that you could vary the veggies you put in it. You take a plastic bag, a couple of tbs of vegetable oil, 1/4 cup water and mix the seasoning, water and oil together then add the chicken strips to the bag and let it marinate for 5 minutes. In the meantime, it says to stir fry your veggies (peppers and onion) but I found it easier to just cook the chicken and veggies together and I don't think it affected quality or taste. I also used extra virgin olive oil rather than vegetable oil.<br /><br />I have one more package of this to use and next time I'm going to add more veggies and maybe some chopped tomato to cut the heat a bit more."
219,0.059,0.774,0.167,0.9424,0.0041107554,0.03993765,0.9559516,0.020577528,0.26015636,0.71926606,0.94900846,Positive,0.71926606,B001EO5ZMO,AW497M5SEXAPQ,Neal Pollack,5,5,5,1266105600,Ahmad Loose Imperial Blend Tea is great for the price,"A friend who'd been drinking tea for 80 of his 84 years introduced me to this tea a few months ago. Even took me over to the store and bought me a pound. At $7/lb. in a retail store or a little over $9 with shipping from an online merchant, I think it's great. I've been drinking Earl Grey, English Breakfast, Irish Breakfast, Lapsang Souchong, Assam, etc. Most of them were over $30/lb. with shipping. Aside from the Lapsang Souchong, I think this is a great replacement for all the rest. Has everything I'm looking for in a strong, full-bodied black tea with enough character to keep it from becoming boring. My current favorite afternoon tea. Unless you're extremely jaded or a tea snob, you'll love it."
220,0.031,0.702,0.267,0.9812,0.0050863326,0.033782016,0.96113163,0.012860432,0.23424742,0.75289214,0.9635917,Positive,0.75289214,B001EO5ZMO,A3KQ1480MHXXCW,M'ville,3,3,5,1272412800,Nice tea,"I love strong, full bodied quality tea and typically drink assam, irish breakfast or early grey tea, but as the other reviewer noted the price per pound can be discouraging. So I have been searching for a quality full bodied tea that wasn't bitter at a more palatable price point, and this certainly fits the bill. And unlike some other teas where they tend to be better in one form or another, i.e. iced vs. hot, this tea is excellent in both forms. I would certainly recommend this to anyone who prefers that smooth full bodied quality tea that doesn't cost an arm and leg."
221,0.027,0.909,0.064,0.25,0.073030934,0.4186046,0.50836444,0.05922165,0.56572324,0.3750551,0.37973344,Neutral,0.56572324,B001EO5ZMO,A8D27L5Q5BLRC,K. Kwan,0,0,5,1350864000,A fragrant tea,"I drink this tea plain (without sugar or milk), and it has a pleasant aroma.<br /><br />The price from Amazon is cheaper than my local grocery store.  One reviewer is right, I think it has some herbal smell to make up the aroma.  So the label ""Imperial Blend"" kind of implied the herb.<br /><br />I am not exactly a black tea drinker, so this tea is a surprise, and affordable too.  I usually prefer White Chinese tea, like White Peony, but it is more expensive, and requires lower temperature water.  But this is black tea, and this aroma kind of remind me the 'softness' of white tea."
222,0.068,0.666,0.266,0.9883,0.0041134465,0.063206,0.93268055,0.023279414,0.2440442,0.7326764,0.94648707,Positive,0.7326764,B001EO5ZMO,A1C5SHU81SRARN,Sophia T,0,0,5,1310688000,Best Ahmad Tea,"I've tried a variety of Ahmad tea. Not because I particularly like this brand, but they are just easier to come across.  The Imperial blend, I believe, is the most complex yet well balanced of all the ones I've tried. It's full body like a good cup of Assam, which by no means overpower the delightful, clean taste of Darjeerling, complete with a long lasting note of bergamot. I enjoy it best in the evening. It gives a satisfying and relaxing finish to a busy day.<br /><br />For those interested in the specifics: I use about 3 teaspoons of lose tea in a stainless steel infuser in a 16 oz mug, let it steep in 208F water for 2-3 min, take the infuser out, and drink it without sugar or milk to savor its sophistication."
223,0.0,0.779,0.221,0.9623,0.0014788271,0.011571913,0.98694927,0.0010351789,0.24180035,0.7571645,0.9785192,Positive,0.7571645,B001EO5ZMO,A3JP1UJAF8YY0F,Irish Stu,0,0,5,1308009600,My favorite tea,"I have tried literally dozens of teas since being introduced to the Russian custom of preparing and drinking tea, and the Ahmad Imperial blend is probably my favorite of all of these due to the fact that it is equally delicious hot or iced.  I buy the three-packs as needed from Amazon and go through them rapidly. My family loves it and my friends have it in their homes now too, try one box of it and you will love it too."
224,0.0,0.607,0.393,0.923,0.0012665282,0.006620137,0.99211335,0.0008865697,0.1867341,0.81237936,0.97049284,Positive,0.81237936,B001EO5ZMO,A8XEEORIXJNZL,Joseph Emmanuel,0,1,5,1330819200,Best tea ever!,This is an excellent tea.  One of the best I have ever had.  It is especially great when you prepare it with a samovar.
225,0.152,0.739,0.109,-0.25,0.90037614,0.09091961,0.008704335,0.67586327,0.2853437,0.038793035,-0.69917023,Negative,0.67586327,B001EO5ZMO,A3A4GAPXRX5SHM,markiz,1,3,2,1282435200,Not a real tea,Herbal additives in this blend destroy real tea taste. It is only for people who like herbal taste. I don't.
226,0.064,0.794,0.141,0.7951,0.05714344,0.15867653,0.78418,0.059200406,0.34927356,0.591226,0.7474555,Positive,0.591226,B001SATU8E,A1CR1DS15Z7XO1,Tiff D,0,0,4,1264377600,DELICIOUS,"Makes a tasty, super easy meal, fast. BUT high in calories.<br /><br />The instructions say to saute the veggies first but I recommend cooking the chicken first. The chicken takes longer to cook and the raw chicken ontop of veggies just makes a slimy mess. I made it with snow peas and carrots only. I dont like the little corn.  Added some red pepper flakes for heat and served ontop of rice.  It came out wonderful! Dinner on the table in less than 30mins."
227,0.139,0.754,0.108,-0.3774,0.0101740025,0.07105039,0.9187756,0.048821803,0.27593526,0.67554295,0.52280116,Positive,0.67554295,B007JFV6RK,A2WQBT7RS1HSSU,"Wade Jackman ""wpjackman""",1,1,5,1346025600,Best Bloody Mary mixer,"I think I have tried just about every Bloody Mary mixer on the market at one time or the other.  Most have too much sugar or worst, corn syrup.  This mixer is all natural ingredients and very tasty. It does have a little kick. Enjoy."
228,0.106,0.718,0.176,0.5475,0.003924311,0.06404401,0.93203163,0.03454702,0.2602308,0.70522213,0.813925,Positive,0.70522213,B007JFV6RK,A3LCMQ815MBJW9,Patty,1,1,5,1338163200,The Best,"Might be a little spicy for some, but this stuff rocks. I use 1/2 and1/2 with V8 for a milder version , or the best is a Bloody Caesar!<br />Half mix ,half clamato!"
229,0.0,0.837,0.163,0.6486,0.38766932,0.4994925,0.11283823,0.27136853,0.6007447,0.12788677,0.0021982193,Neutral,0.6007447,B007JFV6RK,A2UC5JUVHIF80L,Abendago,1,1,5,1334016000,Mcclures bloody Mary mix,Took me one or two to get used to the pickle taste.  But now aim hooked and have to keep a bottle on hand
230,0.025,0.854,0.121,0.6478,0.8679321,0.115751006,0.01631689,0.61505246,0.33722568,0.04772182,-0.40179062,Negative,0.61505246,B001L4ELRW,A1AK335P17JXL0,Victoria Brown,0,0,1,1345593600,Not Good,This candy is not as described. The middle is almost hard it is not a silky or smooth filling as described.<br />Looks and tastes like it's way past it's expiration date.<br />Would never reccommend this. Paid a good chunk of cash for nothing
231,0.03,0.726,0.244,0.9281,0.001267234,0.01507466,0.98365813,0.009887064,0.22835226,0.76176065,0.96610355,Positive,0.76176065,B003SO503C,A2ODZ3CH8PMYTL,Nanette,0,0,5,1347235200,Love this tea!,"I started drinking the power slim tea when I was on the HCG diet to help curb cravings. Since I liked it so well, I tried some of the others and I am now hooked!  They are so satisfying that I drink them all the time.  The Energy gives you that extra pick-me-up in the afternoons that helps keep me going all day, no matter how long."
232,0.0,0.904,0.096,0.8144,0.0010959037,0.032064773,0.9668393,0.00076713256,0.29364535,0.7055875,0.9203404,Positive,0.7055875,B003SO503C,A3OXRFCJI67IMN,Bold Consumer,0,0,5,1333843200,Really Nice Taste!,"I'm trying several of the Wu Yi teas. I like this one particularly because of the subtle citrus taste. It also has a natural sweetness.<br /><br />The ingredients include Organic Wu-Li Cliff Oolong Tea (700 mg), Organic Black Tea (600 mg), Organic Green Tea Extract (100 mg), Proprietary blend (600 mg), plus some Ginseng (panax), Orange Peel, Lemon Grass, and Guarana. Other Ingredients: Natual Orange and Citrus flavors.<br /><br />My goal is to drink more tea and less coffee. I am enjoying trying a different kind of tea every day. I'll be coming back to this one."
233,0.0,0.807,0.193,0.8126,0.002680354,0.018354544,0.9789651,0.0018762478,0.25494817,0.74317557,0.92717934,Positive,0.74317557,B003ZFXJDW,A2HL6876LDPJIM,flageolet,0,0,5,1343692800,just give me some watermelon and citron sea salt,"i cannot live without this citron falksalt, it is wonderful on watermelon, fish, almost any food requiring salt and in my world it all does.  just try it on red juicy watermelon, wonderful experience."
234,0.103,0.729,0.169,0.2481,0.9334733,0.059465062,0.007061624,0.6843313,0.26032555,0.055643138,-0.5740582,Negative,0.6843313,B003ZFXJDW,A2KPPGFMPD20M6,Linda Albert,0,0,1,1343692800,Furniture Polish Taste,"Terrible! Artificial lemon taste, like Pledge Lemon Furniture Polish. Don't do this to yourself. Just use plain flake salt and some fresh grated lemon zest."
235,0.0,0.805,0.195,0.8655,0.0013840138,0.0083783325,0.99023765,0.00096880965,0.24736483,0.75166637,0.95184755,Positive,0.75166637,B003ZFXJDW,AJ94Y22SUFCGU,Gwenhwyfar,0,1,5,1303257600,Big tub o' salt,"These things are huge! I love the way the crystals crunch, and the flavor is not too overpowering or too subtle. This lemony flavor is my favorite--it's good on almost everything. You'll have plenty of flavored salt for a long time if you buy this."
236,0.11,0.792,0.098,-0.4786,0.87115103,0.1087741,0.020074826,0.6428057,0.31374186,0.04345238,-0.73933333,Negative,0.6428057,B001HTL6CY,A1KLA02LZXAT46,Dandelion,0,0,2,1302307200,"Taste is neutral, quantity is DECEITFUL!","The taste of these white cheddar flat breads is like a regular cracker - which is not bad, except that I bought them because I wanted a cheese taste.<br /><br />What was a HUGE disappointment? How misleading the packaging of the box is. The photo on the box (I bought these in store) makes it look like it is full of long flatbreads (expanding the length and width of the box). Wrong! The plastic tray that holds the crackers is about 2"" smaller all around - leaving you with about 15 or so small flatbreads.<br /><br />What is also bad about this is that the company states they use biodegradable and eco-friendly packaging. FAIL! They used a HUGE box for a ridiculously small amount of crackers. Not ecofriendly at all.<br /><br />Would I buy these again? No - I feel ripped off. The other crackers (like Sesame Tarragon) give you a little<br />more bang for your buck and have more flavor."
237,0.041,0.793,0.166,0.9387,0.0022035118,0.016126266,0.98167026,0.013842458,0.2491884,0.7369692,0.96723676,Positive,0.7369692,B000WFRMRW,A2GN6W82DZNUN8,jackman,0,0,5,1341878400,Eukanuba puppy small breed dog food,"This is the ultimate puppy food.  The kibbles are great for small breeds.  High in digestible nutrients as opposed to fillers some companies use.  Less waste results from the high quality ingredients.  I have been hunting, training, showing and handling various breeds of dogs for nearly 40 years, with multiple National Champions.  I have been highly satisfied with Eukanuba's quality and the results I have obtained feeding their foods.  My recent purchases are with WAG, through AMAZON.com.  Their prices are the best I have found and they are very good at shipping immediately on items in stock."
238,0.029,0.798,0.174,0.9936,0.14144753,0.36139446,0.49715802,0.10771327,0.49237612,0.4002106,0.5470773,Neutral,0.49237612,B000WFRMRW,A3Q7QBDSAZ670I,B. Barnett,0,0,4,1331251200,High Quality... But it gave my dog wicked gas..,"The recommendation when we bought our puppies (lhasa/bichon mix and lhasa/poodle mix) was that we continue them on the food that they have had since being weaned. This is a somewhat expensive food so I can't say that we were terribly pleased but we loaded up on the stuff and headed home.<br /><br />Let me just say this, I have had small dogs before. Never have I seen such gas issues. Both of them consistently had foul gas. Consistently. Usually when they're sitting on our laps but, you know. They're dogs.<br /><br />When we got through the first bag of this stuff, we purchased more on amazon. It was a great price for it since we got a 40 lb bag for the price of (I think) a 15 lb bag at Petco. But, they continued to have gas. I mean, they loved the food, don't get me wrong and they loved it more when we'd mix in some water and it would be like soft food. Somehow that made their gas worse but I think I'll have to give that responsible to the speed with which they chowed down- can't blame the food itself for gluttony.<br /><br />Eventually, we switched their food. No more farting. I think it was due to the high fat content which undoubtedly is necessary for very small puppies. They just need that in their diet. I think that we were advised to keep them on it for much longer than was useful (they said up until 1 year). Yeah right, you try dealing with gas for that long. Around 6 mos of age we switched to PuppyChow. Much better. Granted, they don't like it as much, but we humans like it a whole lot better."
239,0.064,0.7,0.236,0.9677,0.0022388007,0.010961032,0.9868002,0.020767162,0.21767272,0.76156014,0.9795029,Positive,0.76156014,B001EO5ZME,AF72GTWZGAC61,Pinkhat,0,0,5,1330387200,Great tasting green tea and such a great deal.,"A very delicate green tea with a smooth light taste and an subtle floral tones and no bitter aftertaste.<br /><br />In the 20+ years we have been drinking Ahmad teas not even once have we been disappointed. The superb quality of Ahmad teas has remained consistent throughout the years.<br /><br />I am so happy to find Ahmad teas available here (thanks Amazon!) because only a few stores carry it in my area and they are quite a few miles away. The current deal for the pack of 6 is superb (much cheaper than I can find locally).<br /><br />This is a great tasting tea, which I am happy to recommend."
240,0.0,0.72,0.28,0.765,0.0056281886,0.056015905,0.9383559,0.003939732,0.25521114,0.74084914,0.88240945,Positive,0.74084914,B0093NIWVO,A1JT114SOITFFO,Dan & Eileen,0,0,5,1350691200,OMG best chocolate jelly belly,"Fresh,a great way to get a little chocolate in my life without a million calories. They taste just like chocolate pudding."
241,0.066,0.71,0.223,0.9553,0.015070651,0.06331327,0.921616,0.030349456,0.25731927,0.71203125,0.92117167,Positive,0.71203125,B001EO5ZMY,AF72GTWZGAC61,Pinkhat,3,3,5,1330732800,Excellent loose tea.,"If you like the Ceylon tea variety, you will certainly enjoy and appreciate this tea.<br /><br />I am so happy to find Ahmad teas available here (thanks Amazon!) and very surprised at the negative review from 2009 because in the 20+ years we have been drinking Ahmad teas not even once have we been disappointed. The superb quality of Ahmad teas has remained consistent throughout the years.<br /><br />The current deal for the pack of 4 is very good (cheaper than I can find locally).<br /><br />Highly recommended.<br /><br />NOTE: This listing's description is confusing. Each packet of tea weighs 500 grams, which equals 1.1 pounds or 17.6 ounces."
242,0.0,0.765,0.235,0.807,0.0037303367,0.025477463,0.97079223,0.0026112357,0.24733421,0.7500546,0.9190433,Positive,0.7500546,B001EO5ZMY,AOSK1PLKNT64,Mrclouky,1,1,5,1323820800,Good anytime hot tea,"I've been enjoying this tea for years.  This tea is good mornings, afternoons or evenings.  My local store went out of buisiness....Thanks Amazon!  I use a bodum tea press to prepare a pot."
243,0.0,0.76,0.24,0.9344,0.0009367835,0.013776078,0.9852872,0.0006557484,0.23764326,0.761701,0.96936524,Positive,0.761701,B001EO5ZMY,A1DAHZRJTX5X1Z,Erfan,1,1,5,1302739200,My everyday cup of Tea,"Hi, I have to have black tea everyday. I have done it in the past 25 years and it's a habit of mine. Ahmad tea is one of my favorite brands and I highly recommend it if you like black tea. I think this is going to remain my favorite for the next 100 years or so :)"
244,0.0,1.0,0.0,0.0,0.20171839,0.6541579,0.1441237,0.14120287,0.7579105,0.10088659,-0.040316284,Neutral,0.7579105,B001EO5ZMY,A7WE8ZWEJG34E,Kapitoshka,2,3,4,1272499200,This is what you get in the store,I have tried it out despite the other review and I found that this is exactly the same tea i buy in either Russian or Italian groceries.
245,0.081,0.63,0.289,0.765,0.0013204154,0.02792965,0.9707499,0.02522429,0.20855075,0.766225,0.9081006,Positive,0.766225,B001EO5ZMY,A1W4LZ4VZDF29Y,"Guy S. Painter ""gspainter""",0,0,4,1275091200,Ahmad Tea,Ahmad Tea is an excellent looseleaf tea eith hot or for making iced tea. Great flavor with no lingering aftertaste.
246,0.072,0.825,0.103,0.682,0.6343513,0.29252625,0.07312244,0.4656459,0.45226836,0.08208571,-0.1882602,Negative,0.4656459,B001EO5ZMY,A3E81HFGNME65J,suave,1,9,2,1245456000,Disappointed,"I've been drinking this tea for the past 8 or 10 years, usually buying a box or two when visiting large metropolitan areas, where many Middle-Eastern stores carry loose Ahmad teas, usually at $5-7 for a pound box.  I've always considered it an unremarkable but robust tea, with enough aroma and taste, and beautiful reddish color, perhaps not good enough a tea to drink on its own, but a decent base for mixes.<br />This tea, however, is nothing of the sort. Freshly opened package has almost no characteristic tea smell, and the brewed tea is weak, flat and tasteless.  Somehow it just does not seem to be the same product anymore. So, you get a lot of tea for the money, but the quality is such that you might as well drink Lipton bags, they are not that much worse."
247,0.075,0.633,0.292,0.9757,0.009014595,0.020562656,0.97042274,0.028810218,0.20429386,0.7668959,0.96569574,Positive,0.7668959,B007TFONH0,AMRNVZKWF6519,confettissimo,1,1,5,1338508800,Wonderful!,"I love love love this deal - it's way fun to pick from so many! Teas and chocolates and ciders as well as many coffees. The other outfits that assemble samplers are boring - they do the choosing, and from a much narrower range. The sellers here are very nice, also, and will answer questions via email about the slightly confusing ordering method (it's easy). If you want great packaging, forget it - they ship fast, and the kups are just tossed loose in a box. Who cares?"
248,0.0,0.869,0.131,0.7717,0.0049928445,0.06529996,0.9297072,0.0034949912,0.30640996,0.69009507,0.87881005,Positive,0.69009507,B007TFONH0,A10IFYN5U6X20R,onemagoo,0,0,5,1350172800,Best way to buy kcups,"Once you've tried some random sampler packs (and now are overloaded with decafs,extra bolds, or teas), this is a great way to get exactly the brands or style that you want.  Received the order in a couple of days and was exactly what I ordered.  This was my second order and I'll be ordering this item again."
249,0.0,0.602,0.398,0.9351,0.004430399,0.040890418,0.95467913,0.003101279,0.2092233,0.7876754,0.945704,Positive,0.7876754,B007TFONH0,A3ICO2ROSXHIPM,tightwad,0,0,5,1340755200,delicious,good products and fast shipping equals a happy me. a little pricey but you can hand pick a few good flavors...a few i cant find anywhere else so def worth the price
250,0.0,0.75,0.25,0.7184,0.036980394,0.5882385,0.37478116,0.025886275,0.6367669,0.3373468,0.45198047,Neutral,0.6367669,B000GGKQSO,A1OE23J37ZPDXE,Donald Edward Liberman,0,0,5,1270944000,keeps you out of the dentest chair,If used on a daily basis you will keep your gums healty and between your teeth clean and free of plack.
251,0.047,0.781,0.172,0.9476,0.0018104169,0.012259974,0.98592967,0.015367292,0.24288198,0.7417507,0.97316337,Positive,0.7417507,B007J32WX4,A3957BBBNL1TLJ,Susan Hannon,2,2,5,1334361600,Super!  SuperFoods are Super easy!,"WOW!  This product is very impressive. I bought the 8oz blueberry and was pleased with packaging, price and shipping.  The powder dissolves instantly.  Even in water!  I've just been mixing a 1/4 tsp in a small glass of water for now and drinking it down and it tastes great!, but will add it to my smoothies and juiced fruit juices next. This product is so economical compared to purchasing fresh blueberries, especially because there is no waste due to mold or overripe berries thrown away.  I think you could add this to baked or unbaked foods as well.  I'm excited to add more of the SuperFoods to my diet in this fast and easy way. I definitely will being trying the other flavors soon."
252,0.076,0.924,0.0,-0.4823,0.19499953,0.41602755,0.38897297,0.15929967,0.5684193,0.27228108,-0.008908629,Neutral,0.5684193,B0017129DC,A2EPNS38TTLZYN,tedebear,0,0,3,1312675200,Pok Chops,The pork chops from Omaha Steaks were very tasty but at the same time exceptionally dry. Pork is usually dry meat but these were to the extreme. Possibly shipping them frozen and keeping them frozen was partly the problem.
253,0.107,0.893,0.0,-0.4767,0.96883047,0.028154401,0.0030151159,0.7102813,0.28760806,0.0021105811,-0.81908077,Negative,0.7102813,B0002567IW,A1SSKFPX72MSMR,"Janna M. Sicard ""missjanna""",0,0,1,1344556800,Sad outcome,"Five minutes in, one tentacle was bitten off, ball inside cracked in half. Not durable enough to be a dog toy. Disappointed :(. So is the dog :(."
254,0.0,0.801,0.199,0.9698,0.0221607,0.22714952,0.75068974,0.01551249,0.39930466,0.58518285,0.80091023,Positive,0.58518285,B0048IC328,ATY9Z65HYE0W6,mrsmaverick,0,0,4,1346889600,Best Energy Shot For Me,I am chemical sensitive as well as sugar-free. I have been using this product for over a year. I use it maybe once a week at the most. I drink 1/2 the bottle and then boost my energy after an hour or two depending on how I feel. IMO this doesn't replace my a.m. coffee but is sweet in the early afternoon when I start to fade. Once in a while I drink a full bottle before a workout. I've been drinking Guayaki Yerba Mate teas for years. Compared to the many toxic energy boosters out there I highly recommend this. This product is clean and doesn't leave nasty chems behind in the body. Try it before you judge from a review - everyone's body reacts differently.
255,0.091,0.736,0.172,0.4118,0.05961422,0.31474912,0.6256367,0.06902996,0.44112438,0.4895457,0.5197556,Positive,0.4895457,B0048IC328,A1W867A8DSHFHC,no name,1,3,1,1339804800,Don't Waste Your Money,"I felt energized within five minutes, but it lasted for about 45 minutes. I paid $3.99 for this drink. I could have just drunk a cup of coffee and saved my money."
256,0.103,0.699,0.198,0.9805,0.39860213,0.42504507,0.17635281,0.30992147,0.50723153,0.18284696,0.13857555,Neutral,0.50723153,B0048IC328,A375ZA7IJH2ZGQ,Jihan S.,3,7,2,1317772800,"If you can't handle caffeine, this is not for you.","Yes, it's probably healthier than 5-Hour Energy or Starbucks shots but if you're looking to avoid a caffeine overload, this is still not for you. Most energy drinks cannot be made w/ out a high dosage of caffeine. I believe the caffeine content of 1 Guayaki shot is 150 mL - probably lower than other un-healthy energy shot drinks but I believe most other people avoid the top brands b/c they contain too much caffeine and/or sugar. If you do not react well to caffeine, Guayaki is not a good buy either. I definitely feel an energy boost w/ 1 full Guayaki shot but not w/ out all the other caffeine side effects - irritability, nervousness, mood-swings. Caffeine overdose is why I stopped drinking coffee. But it looks even organic energy drinks are still not safe.<br /><br />Now you're NOT sensitive to caffeine, then it's a great buy. It's not loaded w/ sugar. The taste is easy and pleasant. It's not loaded w/ a bunch of chemicals like 5-Hour shots or Starbucks drinks. And the energy boost lasts for about 4 to 5 hours. Takes about 5 to 7 minutes to kick in but all this probably depends on your body/weight.<br /><br />Side note - if you want to feel energized during the day, have a protein drink first thing in the morning and stay away for heavy, fattening foods during the day that will make you feel sluggish and sleepy!"
257,0.034,0.664,0.302,0.9463,0.0016951454,0.008922462,0.9893824,0.011386602,0.20544572,0.78316766,0.975271,Positive,0.78316766,B0025WIAN0,A2WT4IIHNFJGYT,Diana KD,0,0,5,1347321600,"Yum, Yummy, Yummier","These Nature Valley Nut Lovers Variety Pack was perfect. Although I wasn't sure about the peanut butter bar, it was excellent. I loved the Roasted Almond, Roasted Pecan and the Peanut Butter.<br /><br />I will definately buy from this seller again. Quick shipping and very fresh."
258,0.105,0.816,0.079,-0.3489,0.97898453,0.018780319,0.0022350643,0.7167891,0.25794622,0.025264546,-0.78839463,Negative,0.7167891,B00821UN4M,A332AAPB4P75L4,Heather Crimson,2,2,1,1348099200,Reeks like chemicals,"I so wish I would have read this review before purchasing TWO gallons of this oil for my health issues. It reeks like a chemical rubber smell. This smell is coming from the black rubber gasket in the lid. When I called to report the situation to the company, Sabrina told me I would have to pay to send them a sample to have tested by a lab. Unbelievable. Good customer service would indicate that they would pay for the product to be returned and give me a full refund, including shipping. The product is faulty. Period. I will never order anything from this company again and do not recommend it to anyone based on this horrible customer service and lack of responsibility and ownership."
259,0.04,0.841,0.119,0.8883,0.102892995,0.2816631,0.61544394,0.0840251,0.44946414,0.46651074,0.6252756,Positive,0.46651074,B00821UN4M,A3MQSTAAJSUGF9,mommy11,1,1,2,1345161600,Disappointed!,"This product has a strong after-taste of Crayola crayons!<br /><br />I am in the process of trying different brands of coconut oils for cooking purposes.  Upon opening the plastic container, the aroma of crayons immediately fills the room, and this flavor permeates the food that is cooked in it.<br /><br />I suspect the source of the problem is the plastic used in the plastic container as I have not experienced this with any of the other brands purchased.<br /><br />To date, my favorite coconut oil is distributed by Barleans.  The flavor is fantastic.  However, they do not supply a gallon-sized tub,and Dr. Mercola has the best product in that size category."
260,0.0,0.833,0.167,0.8824,0.0016668799,0.05221978,0.94611335,0.0011668159,0.28645384,0.71237934,0.9258325,Positive,0.71237934,B00473RWXY,AE508CW7ON3EP,armommi,0,0,5,1348444800,Great for Gluten-free lifestyle!!,"Had this shipped to my sister who follows a gluten-free eating plan and she reports that it is very versatile and easier than grinding almonds for a crispy crust on chicken and fish filets. Also uses it in place of bread crumbs in meatloaf and meatballs.  Stays moist when added in place of wheat flour in baking, too. Good product, good value."
261,0.0,0.613,0.387,0.9493,0.001282956,0.01255466,0.9861624,0.0008980692,0.19268826,0.8064137,0.9742056,Positive,0.8064137,B002MV23XM,A2M6O8YORUA8PW,Shirley Sacks,1,1,5,1337040000,my dog loves these,"These are healthy and my mixed Llasa, Tibetan Terrier adores them. And they are healthy and his breath doesn't smell and his teeth are in good shape because of such products. A great healthy product."
262,0.0,0.54,0.46,0.9153,0.0019815334,0.020977734,0.97704077,0.0013870733,0.17668441,0.82192856,0.9571314,Positive,0.82192856,B002MV23XM,AQ7QJ1GWE2BSR,"Alydar ""alydar""",1,1,5,1298592000,YUMMY,"A great healthy chew for my 9 wk old beagle, Rio. He loves the taste and it sure beats my arm."
263,0.106,0.706,0.188,0.5849,0.0064527984,0.02119943,0.9723478,0.03631696,0.2266396,0.73704344,0.85159636,Positive,0.73704344,B000LKZK7C,A3AER90E4ZWVN6,Al Abubakr Douglas,2,2,5,1196726400,sugar in the raw,"I really enjoy this product. I had such a hard time finding it affordable in the store. Once I found it I look no further, it's the only sugar I use.  Thanks so much."
264,0.098,0.875,0.026,-0.9218,0.44315037,0.4111758,0.14567383,0.33960524,0.550323,0.10977168,-0.48477358,Neutral,0.550323,B000LKZK7C,A25YQEBU2FAD3M,Scott Dixon,4,5,3,1295222400,Manufacturing Problems Diminish Product,"I have used and liked Sugar in the Raw for many years, after being introduced to it in a Starbucks. My most recent purchase, however, was disappointing. The sugar was lighter in color and had a crystal size maybe 1/4th of the regular size. Having large crystals was something I always really liked about Sugar in the Raw. It enhanced the quality of mixed drinks and of lattes. I called their hotline to complain and was told that they had had a problem with their recent sugar crop and that the result was less molasses in the sugar. They have had many complaints of a similar nature. This, they claimed, also reduced the crystal size. They said this problem should go away with their newer crop. The representative said that the new-crop sugar will have a 6-10 digit date code (without ANY spaces) that ends with a ""1"" and no letters. The trailing digits are a date code using the Julian calendar. (My recent bad-purchase had a space after the initial sequence of numbers and then ended with a ""51A""). Bottom line: their current product is not much better than much cheaper products. When they get a better crop, I'll go back to purchasing Sugar in the Raw."
265,0.051,0.802,0.147,0.872,0.44733712,0.3758894,0.17677343,0.328436,0.50372255,0.1678414,0.072205424,Neutral,0.50372255,B000LKZK7C,A1T14KXM4GH14A,Karen Keauhou Chun,6,8,5,1339804800,Good product but terrible agricultural practices,"""Sugar in the Raw""(tm) Please Harvest Cane w/o Burning<br />To be delivered to: HC&S<br />Dear ""Sugar in the Raw"" folks,<br /><br />We who buy your product care about the environment. And we'd like to know that you care too. When you burn the cane fields on Maui, it adds to the CO2 and worsens climate change. And the smoke from your burning is damaging the lungs of your workers, your workers' children and the residents of Maui.<br /><br />We love your product and want you to change to no-burn harvesting so we can continue to buy it, knowing we aren't contributing to Global Warming and lung disease.<br /><br />[...]"
266,0.0,0.619,0.381,0.902,0.0013527191,0.015934207,0.9827131,0.00094690337,0.19685395,0.8021992,0.9575522,Positive,0.8021992,B000LKZK7C,A1H9VU1FACOXLN,LK,1,1,5,1228089600,Sugar in the raw,Love this sugar.  I also get muscavado sugar and they are both great to use in place of regular white sugar. Recommend!
267,0.0,0.862,0.138,0.4926,0.013587698,0.08368834,0.9027239,0.009511389,0.31718183,0.67330676,0.77017534,Positive,0.67330676,B000LKZK7C,AWJ1Z81HHB0MY,Zots,1,1,5,1217635200,Sugar in the raw,Product is exactly as advertised.  What a savings!  At least half the retail price. Easy to store because of the individual packaging.
268,0.062,0.911,0.028,-0.7067,0.8397386,0.14607954,0.014181965,0.606417,0.37555566,0.018327374,-0.78989965,Negative,0.606417,B000LKZK7C,A2NP8RNW9T5BQF,A. Brazhnykova,0,0,1,1343952000,Lie!!!!,"I used to buy this sugar for years. I do not eat much sugar, but still. This sugar is called turbinado sugar, but is misleading. I picked this brand just because it says real turbinado sugar, and other brands (in the local food store) that their sugar is brown because it is colored with caramel or something.<br /><br />HOW did i find out? I needed just a sweet water few days ago. I put this Sugar in The Raw in the glass. The water became brown and on the bottom of the glass i got just PURE WHITE SUGAR CRYSTALS!!!!! What a shame on the producer! U can try to put this sugar in your mouth and after few seconds you will spit out pure white crystals as well.<br /><br />I'm just wondering if the consumers can hold the company liable for such a practice."
269,0.0,0.767,0.233,0.8176,0.0941654,0.4309063,0.47492835,0.06591578,0.5317344,0.40234986,0.511814,Neutral,0.5317344,B000LKZK7C,A2JRK3K99168A1,djn,0,0,4,1336089600,It's sugar..,"It's just sugar in the raw, it's flavor profile is much better then white sugar and it's suppose to be better for you or something. I just wish the bags were resealable."
270,0.032,0.794,0.174,0.9354,0.01208633,0.08063494,0.90727866,0.01806043,0.29464445,0.6872951,0.9072547,Positive,0.6872951,B000LKZK7C,A1L4RDILGM7D9E,Paula,0,0,4,1312934400,Excellent but not perfect,"This is a delicious sugar. It has a pretty light brown color and delicious aroma. But the granules are quite big, however -- bigger than plain refined sugar. This makes is difficult to cream butter and sugar together. But if you use it in a recipe where you will melt the sugar first before baking it, or if you use it to brew beer and plan to boil it to melt it, it is a great product. It would be the perfect sugar if only the granules were a bit finer."
271,0.0,0.839,0.161,0.5927,0.0042614522,0.06930614,0.9264324,0.0029830164,0.30021432,0.6968027,0.82332957,Positive,0.6968027,B000LKZK7C,A2VUB6YYTF234O,Anel Lopez,0,0,4,1302739200,Good product,"I only use raw sugar, it did seem a little smaller than the normal crystals but it is still good. Will buy again."
272,0.062,0.863,0.074,0.2609,0.080478296,0.16799636,0.75152534,0.0749348,0.37649745,0.5482677,0.54800284,Positive,0.5482677,B000LKZK7C,A21BLUM0I2Y3MW,Chipper,0,0,5,1297814400,You'll never use white sugar again.,"This sugar is very good.  Use this in your coffee, cereal, etc for a week and you'll never go back to white sugar, white sugar will taste terrible.  Plus from what I've read, this Raw sugar contains a lot of minerals that are missing in our diets.<br /><br />The product was delivered fast and well-packaged.  My only complaint is the price.  I wish I could find Raw sugar cheaper.  I would be happy to buy in bulk, but this is the cheapest I have found."
273,0.052,0.817,0.132,0.7003,0.4039884,0.38311824,0.21289338,0.29839188,0.5132828,0.18862537,0.07632351,Neutral,0.5132828,B000LKZK7C,A1VKNACW03M5H7,Patilo,0,0,3,1296950400,Thanks for the review Scott,"I thought this was a great buy, but as noted by Scott D., the molasses content was not up to par.  I loved the higher molasses content ""Sugar in the Raw"".  Unfortunately what I purchased recently does not have the higher molasses content and I have twelve 24 ounce bags.  I guess I'll watch for the next crop."
274,0.0,0.733,0.267,0.7346,0.0026303406,0.012056499,0.9853131,0.0018412385,0.22833955,0.7698192,0.90825784,Positive,0.7698192,B000LKZK7C,A2582KMXLK2P06,B. E Jackson,0,0,5,1296777600,great,I really love this sugar and price-wise it's much cheaper to buy it here on amazon compared to anywhere else.
275,0.037,0.693,0.271,0.9421,0.0015725591,0.010051931,0.98837554,0.012200791,0.21493636,0.7731629,0.973392,Positive,0.7731629,B000LKZK7C,A34HSMRAQY5XKX,"Nori Silverrage ""Nori""",0,0,5,1285718400,Awesome Sugar!,"Love this sugar. It tastes so much better and isn't as overly sweet tasting as ""regular"" sugar. We've used it in quite a few baking items and they always turn out very good. The price that Amazon has this set at is very good to and makes it easy to use this for everyday stuff."
276,0.132,0.711,0.157,0.3303,0.43239886,0.40196323,0.16563793,0.3422792,0.49467427,0.16304654,-0.08764267,Neutral,0.49467427,B000LKZK7C,AUUWUS51SMMT4,R. Symansky,0,0,4,1260835200,Great product - weak packaging,"Can't say anything bad about Sugar in the Raw.  I like it better than the other ""natural"" sugars. Better consistency and - I know it doesn't matter - but better color. Unfortunately, one of the ""natural"" paper bags got torn a bit in the box.  It didn't look like the box was damaged so I can't tell how it happened, but it was sort of pain to clean up half a bag that spilled all over the inside of the box and our kitchen when I opened it.  Not sure what the solution is and I'd order it again, but if it happens again, I'd switch to one of the brands that ship in an unnatural plastic bag."
277,0.0,0.523,0.477,0.9542,0.0015810925,0.008116484,0.9903024,0.0011067648,0.16258155,0.8363117,0.97836494,Positive,0.8363117,B000LKZK7C,A1YZV2UY0QDZTX,"Loves to Cook ""Loves""",1,2,5,1253750400,Excellent!,Great service! Items arrived faster than expected. Very efficient! Will use this seller again. I highly recommend this seller! Thank you for the excellent service!
278,0.025,0.809,0.167,0.937,0.007241076,0.046600923,0.94615793,0.012568753,0.27532065,0.71241057,0.93834186,Positive,0.71241057,B001D07IPG,A3QN14A5DGUA0U,J. Kraayenbrink,0,0,5,1343692800,Excellent for G/F,"Please ignore the one-star comments, if you check the bag the main ingredient IS in fact whole grain brown rice and the second is rice flower. With anything that is gluten free you have to add another ""binder"" which is where the corn flour comes in. For someone who has celiac disease and cannot have Sunchips, because they contain wheat (a key binder to any chip, cookie or cereal) this is an excellent product. My spouse and I buy these a lot because they are gluten free and absolutely delicious!"
279,0.072,0.641,0.288,0.8565,0.002770857,0.0064655575,0.9907636,0.0235396,0.19682589,0.7799345,0.94854486,Positive,0.7799345,B001D07IPG,ABHXONN9HSUZI,AmandaEve011,0,0,5,1315353600,Amazing!,Best flavor ever!  I'm addicted!  They are all good but these are by far the best.  I could live on these!  And there is no need for anymore to say....
280,0.066,0.859,0.075,0.1666,0.07735161,0.2353553,0.6872932,0.073946126,0.4224487,0.5036052,0.47693896,Positive,0.5036052,B001D07IPG,A3OM7Q1IVAGLUW,Pertigal,0,0,5,1275436800,Very tasty chips!,"So many ""healthy"" products don't taste very good.  Or taste good when you first try them and then go downhill.  I've had these chips on more than one occasion and they are very tasty.  I've served them to guests twice and both times they wanted to know what they were and where to get them. It's also nice to have something gluten-free for friends who are borderline diabetic...but I would eat them anyway."
281,0.049,0.823,0.127,0.6438,0.006081759,0.027069587,0.9668487,0.018957231,0.26584873,0.71489406,0.86567676,Positive,0.71489406,B001D07IPG,A3BUE5AHX4M0FS,"P. Clermont ""learning God's word""",0,0,5,1272326400,YUMMY,"I found these crisps at our local WalMart & figured I would give them a try. They were so yummy I may never go back to regular chips, not that I was a big chip fan anyway. The only problem is I can eat the entire bag in one sitting. I give these crisps a big thumbs up!"
282,0.0,0.754,0.246,0.8016,0.0020329973,0.009192987,0.98877394,0.0014230981,0.2326351,0.76594174,0.9311987,Positive,0.76594174,B001D07IPG,AQX8FF2YCO3J7,"Little D, Nigel, and Oliver's mom",0,0,5,1247529600,Excellent Taste,This is one of the best tasting crisps I have ever eaten! I only buy it on special occassions because I know I'll eat the whole bag.
283,0.028,0.934,0.038,0.1779,0.87160987,0.11530298,0.013087146,0.61852694,0.36091208,0.020561002,-0.54759586,Negative,0.61852694,B001D07IPG,A27UE9HJRZ22YI,"Louie's Mom ""Compulsive Reader""",0,1,1,1280880000,Over priced chips and lack rice taste,"I paid $1.79 for a 2 ounce pkg of these at lunch today. I bought them because brown rice is a ""good"" carb.  As soon as I tasted one and it tasted like a corn chip I checked the ingredients.  The name is deceptive - these have ""Masa corn flour"" listed in the ingredients and it overwhelms the taste.  I won't buy these again - I can get Sunchips for less money and similar taste."
284,0.032,0.792,0.176,0.9852,0.06374471,0.13145827,0.80479705,0.054221295,0.32962078,0.61615795,0.8142967,Positive,0.61615795,B000H13270,A3MBRJ5X24GXM9,sadhaka,3,4,5,1283817600,Rotel saves me on a daily basis,"I use the Rotel Mild and I LOVE this product so much--it saves me on a daily basis.  If you're trying to cook lower fat, healthier foods and in a HURRY, this stuff makes it so much easier.  Ever notice that some canned tomatos have a weird ""tin can"" taste when you make spagehetti sauce or whatever?  For some reason this product doesn't have that.  It tastes so good you can just dump it in with a can of beans, heat and eat.<br /><br />or add some chili powder and now you have chili soup.  I also make indian dishes with this, and spicey spaghetti sauce.  I also prefer this to most canned salsas, so it works for things like quesadillas if you drain the liquid off.<br /><br />None of my local grocery stores carry it at all, nor do they carry anything like it.  So I have to pay Amazon's inflated price to order this by the case.  I don't like that I'm paying a higher price, but I LOVE LOVE LOVE the product."
285,0.0,0.864,0.136,0.5255,0.1636165,0.33797294,0.49841052,0.11453155,0.49578106,0.38968736,0.3920058,Neutral,0.49578106,B000H13270,A3J6I70Z9Q0HRX,Lindey H. Magee,1,3,5,1261785600,"it's fabulous, but *not* from amazon!",the price on this product certainly raises my attention on compairing amazon price with the local stores. i can get a can of this rotel at my local kroger for $1. dissapointing!
286,0.0,0.898,0.102,0.7917,0.021628497,0.113489166,0.86488235,0.015139948,0.3488424,0.6360176,0.82778764,Positive,0.6360176,B000H13270,A1YLOZQKBX3J1S,"R. Lee Dailey ""Lee_Dailey""",1,4,3,1221177600,too expensive,"howdy y'all,<br /><br />the actual product is VERY good - i'd rate the item a 4 on it's own. however, it's only ONE dollar at the local grocery and - @ twenty eight+ dollars per twelve pack - these are running almost two and a half dollars each.<br /><br />as i said, TOO EXPENSIVE. [*sigh ...*] i was really hoping to get them at something approaching the local cost.<br /><br />take care,<br />lee"
287,0.0,0.857,0.143,0.919,0.06737312,0.4345713,0.49805555,0.047161184,0.5612999,0.3915389,0.57717776,Neutral,0.5612999,B000H13270,AVQIRN6E7J7UA,imdebra,0,4,3,1280534400,Not mild enough for me lol,"Nothing wrong with the product, but I sure had to mix it with *lots* of other ingredients to make it edible to me. (In Texas I was called a ""baby-mouth"" - not into very spicy-hot foods.)<br /><br />For comparison, I'm comfortable with Tostitos medium chunky salsa. 1 can of this milder Rotel, mixed with 2 slightly larger cans of diced tomatoes, was still way too hot for me to use as salsa for chips. I used some of this to make a sort of southwestern cornbread that was good though."
288,0.035,0.801,0.163,0.9676,0.3263775,0.3748004,0.29882205,0.23896426,0.5026603,0.25807542,0.2709911,Neutral,0.5026603,B001UJEN6C,A1XM65S80UQ2MD,Joseph Kagan,13,13,5,1276214400,Great Natural Energy,"This is a fantastic product, and I wish it was readily available in most stores. It's taste is not the greatest, but it's a 2.5 oz. shot, and it's gone in a second. It tastes, more or less, like a concentrated sweet tea. For the record, I've had 5 hour energy, and that tastes FAR worse. I will put up the taste for the results. It's got 150mg of caffeine, which is the equivalent of the big red bulls and monsters. I can't stand sucralose and sugar substitutes, and this is one of the only shot sized energy drinks that has only sugar in it. The sugar is at 9g, which isn't horrible. I used to drink 4 16oz. Red Bulls a day for the caffeine, and this gives me far better energy, and is much more subtle. My preference is black coffee, but I can't drink 8-12 cups a day anymore. Overall, Steaz does it right; real organic ingredients in moderate amounts, and they create big results."
289,0.054,0.745,0.2,0.9557,0.018697888,0.11737201,0.86393005,0.029288523,0.3056604,0.66475105,0.87837243,Positive,0.66475105,B001UJEN6C,AFUMZHRZJG0H0,Wonder Woman 89,6,6,5,1280188800,I like this stuff,"I have to get up really early to work out before work and I get super tired by the middle of the afternoon. I was drinking one 5 hour energy, usually extra strength, each day. It worked well, but gave me a jittery feeling, almost headachy but not quite. My husband got me to try this and I was skeptical, but for me it works as well if not better than the 5 hour energy and doesn't give me that jittery almost-headache feeling.<br /><br />I don't mind the taste--it reminds me of the inside of a fig newton (mmm). And the price is ok, on Amazon anyway. At my grocery store they were almost $3 each, yike!<br /><br />And it's organic--so I can feel good about it, right? It's all about me feeling good!"
290,0.039,0.697,0.264,0.8439,0.0011625853,0.0117635075,0.9870739,0.01251381,0.21733445,0.77015173,0.9433079,Positive,0.77015173,B001UJEN6C,AIW47KAXVTR0X,"C. Williams ""will5927""",7,8,5,1268092800,Great Energy,I bought these for my husband and he said they are the best energy shots out there. He takes one in the mornings and works hard all day. Good stuff!
291,0.104,0.705,0.191,0.6257,0.28966323,0.44774523,0.26259157,0.23396426,0.52492166,0.2411141,0.16875982,Neutral,0.52492166,B001UJEN6C,A1R2P21ZYNJCFJ,"Mare Laden ""Mare""",6,7,3,1258675200,Not sure,"I am a energy junkie and I'm not sure if this works or not, but what I do know is that the taste is not the greatest. I do drink the steaz energy drink and I think I get the same results. I like this products because it is  more natural then the others."
292,0.052,0.745,0.203,0.9434,0.0041028913,0.07330869,0.92258835,0.018472023,0.2748161,0.7067118,0.9259597,Positive,0.7067118,B001UJEN6C,A37AO20OXS51QA,"Roderic Rinehart ""Roderic""",3,3,5,1311292800,"The best energy shot out there, smooth and organic!","If you want an organic energy shot, your choices are this one from Steaz and the assorted flavors from Guayaki. Guayaki Yerba Mate is actually in the Steaz energy shot and energy drinks, and they both use Sambazon Acai, so there are some similarities in ingredients.<br /><br />Great energy burst for 4+ hours on a Steaz Energy Shot, and no withdrawals or headaches afterwards. Plan on drinking one every day at lunch at work. This will help me cut down on my iced coffees, which are not helping my calorie intake.<br /><br />Already ordering 12-packs on subscribe and save, 2 per month. Great value."
293,0.09,0.705,0.205,0.8636,0.21065868,0.34654513,0.44279623,0.17446107,0.4540816,0.37145737,0.42157626,Neutral,0.4540816,B001UJEN6C,A3R6W1FEYDNT8V,R. Lewis,3,3,5,1299024000,"Fantastic, natural energy","I was looking for a natural energy shot that works, and I found it. Steaz energy shot is my favorite!<br /><br />I recently had gastric bypass surgery, so tons of sugar is a no-no. And I'm also allergic to Sucralose (Splenda) so most other energy drinks are out.<br /><br />I tried Bazi energy shots and they didn't work as well as Steaz, and definitely didn't taste as well. These have a taste that's almost like Coca-Cola--not bad at all.<br /><br />If you're looking for natural energy, give these a try."
294,0.034,0.757,0.209,0.9823,0.04994952,0.21122667,0.7388238,0.045164663,0.37495866,0.57987666,0.77690196,Positive,0.57987666,B001UJEN6C,A2VBZOK3SVSDWA,Jennifer Gray,3,3,5,1294790400,Way better than Guayaki!,"I had tried both of the Guayaki energy shots and I don't like the taste of either of them! This one has more natural caffeine and tastes much better. I like them cold for sure. My husband and I take these on road trips in a little cooler with ice and waters and we don't have to make stops for coffee! Especially on the turnpikes where it's just way too expensive. It's worth the $[...] per shot. We normally split them. I'm really sensitive to caffeine, even the natural kind so I get a little weird if I drink the whole thing but that's the same for coffee too for me. My husband drinks the whole shot and gets a nice wake up boost. I would recommend these over any of the sinthetic shots out there. You can feel good about putting this in your body! I'll be ordering again soon for sure =)"
295,0.0,0.887,0.113,0.4939,0.10633751,0.57024217,0.3234203,0.074436255,0.6652695,0.2602942,0.30012798,Neutral,0.6652695,B001UJEN6C,AREOHWLWVX0A8,John Erikson,5,6,3,1259971200,Doesn't taste that good but provides you the energy,"I purchased it because it was on sale. In terms of the energy it provides, it works, but the taste leaves something to be desired. I tried mixing it with some water to make it more drinkable."
296,0.12,0.781,0.099,-0.7095,0.14765224,0.35255837,0.4997894,0.13935655,0.48109084,0.37955257,0.033645988,Neutral,0.48109084,B001UJEN6C,ADWJAJZTHNYN6,D. J. Lawhead,2,2,5,1322697600,Rocket in a Bottle,"I've been feeling extremely tired around the late afternoon. As a software engineer, this is entirely unacceptable! So, I asked the nice lady at the counter of my local Whole Foods Market, for something that will give me that extra energy I need to get through the day.<br /><br />She excitedly returned with a suspicious little green bottle. Over three hours after drinking whatever that was, my brain is still working at unnatural speeds. To summarize my experiences: I believe this works.<br /><br />She did explain that I needed to drink plenty of water with it, which I personally feel helped the energy level. So if you're feeling tired during the day and hate coffee, give this a shot - preferably before you eat anything.<br /><br />Woot!"
297,0.025,0.737,0.239,0.9566,0.008694597,0.03296235,0.9583431,0.013586218,0.24417365,0.7425401,0.95173395,Positive,0.7425401,B001UJEN6C,A3UD9G34YLWVXE,Thezwomann,2,2,4,1322265600,This stuff works!!!,"The energy shot truly does work! It had a terrible after-taste at first, but now that I know what to expect, I am getting used to it. I always have some water handy as a chaser...which helps! I am so glad to have found something that gives me the energy I need without all the chemicals found in other beverages. It's helped me kick my addiction to Diet Coke and other aspartame-laced caffeinated beverages. Yay!!!"
298,0.0,0.811,0.189,0.8781,0.0070911227,0.100571185,0.8923377,0.004963786,0.31369984,0.68133634,0.88310266,Positive,0.68133634,B001UJEN6C,A2Y4IWY1ZXLXH8,mase310,1,1,5,1335139200,Favorite energy shot and all natural too!,"I've tried 5-hour energy, red rain, NOS, and other energy shots.  This is my favorite in terms of taste and effect.  Plus, it's somewhat reassuring to know that natural ingredients are used.  Sometimes I wonder what I'm really putting into my body with some of the other brands.  I purchase a box about once every 2 months for the past 2 years."
299,0.0,0.681,0.319,0.8934,0.0050715897,0.046214573,0.9487138,0.0035501127,0.2366502,0.75979966,0.92856944,Positive,0.75979966,B001UJEN6C,AHAX3RWULQD6T,Kevin D. Schoeninger,1,1,5,1334793600,natural energy boost,"If you're looking for an energy boost without artificial sweeteners and other chemicals, this is a great option.  The taste is decent and it is a nice smooth uplift without jitters."
300,0.078,0.735,0.187,0.9637,0.01819035,0.05994033,0.92186934,0.036133245,0.26245824,0.70140857,0.92168534,Positive,0.70140857,B001UJEN6C,A2LFHPZFG1OHBZ,Joanna Capello-Paul,2,3,5,1320451200,Best energy shot I have ever tasted!,"I first found Steaz Berry Energy Shots at a local organic market. I bought two bottles, which cost just under three dollars each. I fell in love instantly. The drink is delicious -- I can taste the yerba mate and the acai juice, like a slightly bitter fruity chocolate honey tea. I am very sensitive to sucralose (Splenda) which is in so many energy drinks these days; I also hate the taste. I love that Steaz has actual sugar and no artificial sweeteners. The rush it gives me is slow and even. I have several medical conditions, including fibromyalgia, which saps me of energy and causes intense pain. I like how Steaz helps clear away the fatigue and fog so I can get things done. No caffeine jitters, even though there are 150 mg of caffeine in each bottle.<br />It was becoming expensive for me to buy the bottles separately at stores, so I started looking online for a bulk price. I am so thrilled to have found the Pack Of 12 on Amazon. I signed up for Amazon Prime specifically for this product, hah!"
301,0.0,0.632,0.368,0.9661,0.0017820467,0.0095736245,0.98864436,0.0012474327,0.19630155,0.8024511,0.9806335,Positive,0.8024511,B001UJEN6C,A297HRGWRID7I6,Mariza R Barnes,0,0,5,1347321600,The Best,"I have tried other energy shots and this one is the only one that really makes me feel good and energized without any other sides effects at all, its also the best taste, others taste like medicine, this one has a tea fresh taste. I love it."
302,0.148,0.625,0.227,0.5849,0.004358967,0.043280855,0.95236015,0.047451276,0.2177966,0.73475206,0.8390708,Positive,0.73475206,B001UJEN6C,AMYAHFQZI19LS,longlivedave,0,0,5,1345680000,Tested by a trucker,I drive OTR...Over the Road truck and this helps to keep me alert. It has no sugar high & no crash. I'm on a autoship which i like. The price is very good. I've seen it over 2 bucks in the store.
303,0.014,0.705,0.281,0.9763,0.007058562,0.058579087,0.93436235,0.009140993,0.25250536,0.7383536,0.94200265,Positive,0.7383536,B001UJEN6C,A28VTF9FQ42SBV,jeremygiesel,0,0,5,1344729600,Good Stuff,"Products takes pretty good, and it doesn't leave you gittery.  With subscibe and save as well as Prime membership I pay below $ 2 a shot.  My wife tried them and now she drinks them like they are going out of style.  I moderate mine and they make for more effective use before weight training.  I recommend this product to anyone who is looking for a healthier alternative to high sugar and unnatural products that are everywhere that still gives you the results of an AWESOME Energy Drink."
304,0.076,0.791,0.133,0.25,0.0048560523,0.122534506,0.8726095,0.026199237,0.32307416,0.6507266,0.6824274,Positive,0.6507266,B001UJEN6C,A2H03V8PAZDU9J,LMPGAP,0,0,5,1339200000,Great energy drink without artificial ingredients,"I use this product daily, and it provides a steady stream of energy.  I do not get jittery or crash.  It also helps me practice portion control because it acts as a slight appetite suppressant."
305,0.058,0.778,0.165,0.5734,0.012959001,0.08339681,0.9036442,0.026471302,0.29177776,0.68205094,0.7954997,Positive,0.68205094,B001UJEN6C,AUXHG88OYWCGM,Nicholas Wagner,0,0,5,1333411200,"Flavor getting better, energy is great","I've been buying and drinking this for over a year now, and the energy boost is excellent, with a continuous, ~6-hour effect. The most recent shipments seem to have improved the flavor slightly as well, or perhaps I'm getting more used to it. I don't drink it for the flavor, but it's not as heinous as the fake flavors found in the other, non-organic energy shots."
306,0.15,0.773,0.077,-0.9037,0.95539045,0.038081333,0.006528245,0.7137733,0.25855693,0.02766977,-0.9353135,Negative,0.7137733,B001UJEN6C,ATN552TF5V40Z,Lh,1,5,1,1326758400,So awful I can barely describe,"This is the first time I've really been misled by other reviews on amazon. I like 5-hr Energy, I find Rain ok and so I thought I'd try this product based on the reviews. Boy am I sorry! I gagged getting one bottle down even with my nose pinched (really). And it leaves the worst medicinal taste in your mouth afterwards. 8 tic tacs at once did not get rid of it! But worst of all, within an hour I was yawning and drowsy. Unless you really like things that taste of a weird tea-flavored cough syrup and don't work, don't buy this! I don't know what to do with the other 11 bottles. big fail"
307,0.097,0.781,0.122,0.4733,0.033826463,0.0899844,0.8761891,0.052778527,0.29728907,0.6499324,0.7316438,Positive,0.6499324,B003EMU7EU,A3DSWITPB6NBT5,benvenutofam,0,0,4,1287619200,could use only once,"I loved this mold!  I wished I could have used it for more than one occasion, but it didn't last.  I did use it to make 30+ suckers for my daughter's first birthday. But there was going to be no way that the mold could be salvaged after that.  I would have liked to have kept to use on other occasions, but for the price it didn't matter to me that much.  It served it's main purpose :)"
308,0.0,0.649,0.351,0.894,0.0017534728,0.008415406,0.98983115,0.001227431,0.20059079,0.79818183,0.95985436,Positive,0.79818183,B0064KOUNI,A215QEI3FPLVXU,"Carol L. Chmiel ""Carol Chmiel""",0,0,5,1349136000,VANILLA TOOTSIE ROLLS,"You HAVE to try the VANILLA Tootsie Rolls!  The regular chocolate ones are good, but THESE are the BEST EVER!!"
309,0.0,0.796,0.204,0.9695,0.0016034954,0.019359112,0.9790374,0.0011224468,0.25235137,0.7465262,0.97505367,Positive,0.7465262,B003YDP5PA,AAZ084UMH8VZ2,"D. L. Brown ""A Knower Of Good Things""",3,3,5,1299196800,One of my Favoritte foods,"Try this you might like it. I did and I am quite addicted, it is too easy to prepare, it tastes great and it absorbs the flavors you cook it with. The price is really good and well worth the purchase. If you like this type of Couscous like I do, then give this one a try.It can be eaten hot, room temp or in a cold salad with a variety of greens and other flavors, it takes on the other flavors very well when mixed. I cooked the Couscous with a broth and oilive oil for added flavor and it rocked my taste buds big time. I will be back for more."
310,0.0,0.774,0.226,0.9287,0.001213094,0.0068959617,0.9918909,0.0008491658,0.23702717,0.7621236,0.9720845,Positive,0.7621236,B003YDP5PA,AFLLCB3F28N6A,FL-Gal,2,2,5,1320451200,Fantastic!,"This tri-color couscous is really good...full of flavor and fun to eat.  I love the texture.  I cook in chicken broth and add some minced garlic and chopped herbs (parsley, cilantro,) along with some red pepper flakes.  At the end of cooking, I add some olive oil and this makes a wonderful side dish...Highly recommend"
311,0.031,0.657,0.312,0.9644,0.0023873996,0.009062739,0.9885499,0.010971179,0.20344391,0.78558487,0.97963357,Positive,0.78558487,B003YDP5PA,A3T8PIRVS2LX4P,MLadyJ,1,1,5,1305072000,WOW,"I tried to find israeli couscous in a number of upsacale grocery stores and no luck.  So I decided to try good ole Amazon.com and selected this product.  It is so good..add a few herbs and it's a great side dish, or add more and make a ""pasta type"" salad.so very good.  I am hooked.  Great flavor and so easy to prepare!"
312,0.087,0.913,0.0,-0.4939,0.8086368,0.17395405,0.017409176,0.59214574,0.39566785,0.012186423,-0.7020293,Negative,0.59214574,B003YDP5PA,A18RVAXFLALN6E,"DF ""Dinky""",0,0,1,1343520000,Very Dissapointed,"The package came with the label torn off and no cooking instructions. I know how I normally cook Couscous so tried 3/4 cup water to 1 cup couscous-brought to a boil and let sit, covered for 5min. It was mushy and tasteless.We have thrown out the rest of the container."
313,0.0,1.0,0.0,0.0,0.80950755,0.18107437,0.009418056,0.5666553,0.42675206,0.0065926393,-0.56006265,Negative,0.5666553,B002X9JNYU,AVPSSODZIDABZ,HELfromBL,1,3,1,1323388800,what quantity is it!,I wouldn't even think of buying this product unless I know the price per unit. How can I compare other items online or in a store?
314,0.018,0.914,0.069,0.4971,0.030109284,0.06583145,0.9040593,0.026476499,0.320282,0.65354145,0.760895,Positive,0.65354145,B001EPQ0J0,A2RXRKRI8YSQWQ,Susan Toy,0,0,5,1341014400,Very Good Coffee,"I love ordering whole bean coffee on Amazon.  I like this so much that this my first product review.  I have to say that I'm usually not a big fan of flavored coffee, but I thought I would give it a try.  When my husband started grinding it up, I could smell it throughout the house.  Sometimes with flavored coffees, the smell is there but the taste isn't.  However, not with this one.  I'm now going to order another flavor from this company and will give it a try."
315,0.024,0.828,0.148,0.6897,0.02915671,0.100142755,0.8707006,0.027609695,0.31849992,0.6538904,0.7959907,Positive,0.6538904,B001EPQ0J0,A2KADAQBR8NG80,"Maggi ""Mags""",0,0,5,1290384000,Very Tasty,"I love this coffee. I do wish it came already ground as I don't have a grinder and use a blender instead. But it's worth it. Many flavored coffees I've tried only seem to have a flavored odor that doesn't reach the coffee, but this one manages both."
316,0.06,0.772,0.168,0.9109,0.0064202966,0.0471253,0.9464544,0.022494206,0.2645877,0.7129181,0.93129396,Positive,0.7129181,B001EPQ0J0,A2L3IECPFB956F,D. Alger,0,0,5,1268265600,Excellent coffee,"This brand of coffee has been available in my local stores for some time -- I've believe the company is local.  I've been drinking it for quite some time and have not tired of it.  I'm particularly fond of the Turtle Sundae but all the flavors are good.  I can't say that I've had a bad one.<br /><br />As it turns out, it's less expensive to order it from Amazon and have it show up at my front door than it is for me to run out to the local Walmart to get it.  It's a no brainer.  Try it, if you like rich, flavored coffee, you'll like it."
317,0.0,0.823,0.177,0.5783,0.009400651,0.027197976,0.9634013,0.0065804557,0.26593858,0.7274809,0.8412905,Positive,0.7274809,B000O9Y62A,A137DV4YVGWDCR,M. AIMINO,0,0,5,1332460800,Hot!,"It is hot! I love it, tasty and a little sweet. I usually scoff at salsas labeled as hot, but this one lives up to its billing."
318,0.07,0.839,0.091,0.6785,0.33561113,0.48188624,0.1825026,0.2559278,0.5890204,0.15505181,0.096374035,Neutral,0.5890204,B000O9Y62A,A89KN0ADLUNPW,Scott E. Packard,0,0,5,1250208000,Hot and delicious,"I consume about a jar every two weeks of this, either adding it to fajitas or using it as a corn chip dip.  It is hot, but after awhile the medium Salsa Suprema was too mild for me; I thought maybe I'd cut down how much I ate by going to the hot Salsa Ranchera.  It's hot enough that people who aren't used to it will say ""That's hot!"".<br /><br />Flavor: bright and forward.  The similarly hot Salsa Victoria is a duller taste to me, I guess earthy.  This salsa is much brighter in the mouth.  I don't like to go hotter than this because the sauces I've tried lose any resemblance to yummy salsa and just taste hot (this happens to me with Tabasco sauce, for example).<br /><br />A drawback is La Victoria doesn't make a larger bottle of Salsa Ranchera nor Salsa Victoria, nor do they sell them in [...] or Sam's Club.  To get a good deal you have to watch for sales."
319,0.0,0.904,0.096,0.3716,0.015384231,0.076545164,0.90807056,0.010768961,0.32478163,0.6644494,0.73636055,Positive,0.6644494,B00283TPYE,A1SH7OWQ98P6FI,Colleen Clark,0,0,5,1350691200,Swiss Chalet,"service was great, but I meant to buy Swiss Chalet chicken SAUCE not the Marinade :)<br /><br />Love the sauce - have yet to try the marinade"
320,0.0,0.758,0.242,0.7717,0.0021960684,0.016661635,0.98114234,0.0015372479,0.23906314,0.75939965,0.91677237,Positive,0.75939965,B001FB69YY,AJM8UGFV16NS8,dewalt66,0,0,5,1316736000,Oyster Sauce,"Use frequently as we like to do Asian dishes at least once a week.  Love this product.  Fast shipping, as usual.  Would buy again."
321,0.065,0.562,0.373,0.886,0.0016597406,0.012653969,0.98568624,0.02066182,0.17745776,0.80188036,0.95461845,Positive,0.80188036,B004OYBN7C,AVD1K8KU6Z86U,Jeffrey M. Moisan,1,1,5,1305417600,ABSOLUTELY DELICIOUS!,"These individually wrapped pieces are delicious (although I wish there were a few more). Mildly sweet with no sugar-free aftertaste, even a traditional ""marzipan-aholic"" should enjoy these."
322,0.0,1.0,0.0,0.0,0.004595083,0.11867078,0.87673414,0.0032165581,0.38306955,0.61371386,0.61049724,Positive,0.61371386,B000JEHAHS,AJ7Q49CTJ1BOC,24fan,4,4,5,1168473600,Great gag gift,Put this in my husbands stocking for Christmas and it was a hit.
323,0.05,0.69,0.26,0.7712,0.0058307927,0.02933178,0.9648374,0.019081555,0.22753225,0.75338614,0.9026644,Positive,0.75338614,B000JEHAHS,A2MMFEZ728S1MA,Deborah A. Young,0,1,3,1232409600,arrived FAST,"I was amazed at how quickly it arrived!  It is a cute stocking stuffer, but only OK as far as user appeal.  You get what you pay for."
324,0.0,1.0,0.0,0.0,0.3538176,0.44590592,0.20027646,0.24767232,0.61213416,0.14019352,-0.1074788,Neutral,0.61213416,B000JEHAHS,A1GUR2DMGWUIGL,"Annie ""Annie""",1,4,3,1200182400,Penguin Pooper,Toy was typical quality I expected.  I got taken for a major ride on the shipping!
325,0.213,0.514,0.274,0.3185,0.08101803,0.31180257,0.6071794,0.12061262,0.3724618,0.5072256,0.46386302,Positive,0.5072256,B000JEHAHS,A2CU16YU1KEOUY,"Hurricane Ridge ""Chris""",5,19,1,1168300800,Never Arrived,So we cancelled the order.  It was cancelled without any problem.  That is a positive note...
326,0.0,0.688,0.312,0.8979,0.0034604187,0.01889947,0.97764015,0.002422293,0.21962963,0.7779481,0.95129585,Positive,0.7779481,B003VTN95K,A6Y49ZNS6NPN0,Ute H. Bischoff,0,0,5,1345334400,coffee-mate coffee creamer hazelnut,i love the convenience of the singles. The best creamer around.Taste is just like the big bottle. I can stick them in my purse and take them to work.
327,0.075,0.726,0.199,0.9373,0.033552974,0.15613958,0.81030744,0.045987085,0.3270977,0.6269152,0.82491815,Positive,0.6269152,B003VTN95K,A3G467T8H2U4F1,Breanna,0,0,5,1342137600,No broken creamers!,"These creamers come in 4 packs of 25. I have taken one to work and opened one for home so far, and haven't found a single broken or leaking creamer yet. I usually have way too much cream and sugar in my coffee, but with these it is easy for me to cut down on the sweetness because I won't allow myself more than 2 creamers per cup. I think this is definitely the best option for buying creamers from Amazon since all the other listings have a lot of complaints about creamers breaking in shipping!"
328,0.064,0.594,0.342,0.9581,0.008107957,0.07265621,0.9192358,0.02487557,0.22905935,0.746065,0.9252194,Positive,0.746065,B003VTN95K,AKG4UJNVSHHAD,flowergirl,0,0,4,1340582400,Shipped great,"Even though we are International Delight fans we were not completely dissapointed by this product. We had no problem with the shipment, but the creamer itself is thinner than International Delight. Other than that we are happy :D"
329,0.163,0.708,0.129,-0.8462,0.049444743,0.2079014,0.74265385,0.08351132,0.357931,0.5585577,0.2313863,Positive,0.5585577,B003VTN95K,A1J7ZSFU0SO3D4,ck,0,0,5,1336003200,Better Packaging,"Besides the obvious convenience and portability of the individual creamers, I liked this item specifically because of packaging. I couldn't believe how many reviews I read about coffee creamer cups; but many of the Amazon creamer options (both Coffeemate and International Delight) had multiple negative reviews due to the shipment arriving with broken cups thanks to sloppy packaging.<br /><br />That was not an issue here. The shipment arrived in four dispensing boxes of 50 each (as shown in the photo); those boxes were tightly packed in a thick cardboard box which could take a good beating before damaging the inner boxes. Thus, none of my cups were broken, no waste and no sloppy drippy mess. Plus the four boxes means I could put one in the kitchen, one in the bathroom (we moved our mini Keurig there when we upgraded the kitchen Keurig - best idea my husband ever had), and one at work, with a reserve for whichever runs out first.<br /><br />If you are looking for these mini creamers but deterred like I was by the negative packaging reviews on other options, this is your best bet. As a bonus, the auto delivery price is very reasonable."
330,0.029,0.856,0.115,0.5709,0.08575471,0.22470042,0.6895449,0.0687283,0.41409028,0.5171814,0.5939231,Positive,0.5171814,B003VTN95K,A3GLQSR6MTHXGL,Donna Kelly,0,0,5,1330214400,coffee-mate creamer,"This seller is very nice.  And the price is very good.  The only reason I stop ording is bacause I went to sugar free, and at that time he did not have it.  But for those of you that don't have to watch there fat in take, I would get this product from them."
331,0.0,0.837,0.163,0.6249,0.0021503414,0.039410144,0.9584395,0.0015052389,0.27868712,0.7198077,0.85687244,Positive,0.7198077,B003VTN95K,A3KVJ2DVCLO0HB,Gadget girl,0,0,5,1326758400,Perfect for work,"I purchased these coffee mate singles to use at work along with the coffee ""tea"" bags.  They're great because they don't require refrigeration."
332,0.115,0.885,0.0,-0.4588,0.8963103,0.09301183,0.010677829,0.6619172,0.33060828,0.0074744807,-0.7575828,Negative,0.6619172,B007DJ0O9I,A24GM452AKJTT9,AMAZONGURL,0,0,1,1349827200,AWFUL,"I received the items in a timely manner. Upon receipt, I removed a pack to consume. The pop-tart was STALE and left an awful taste in my mouth."
333,0.0,0.689,0.311,0.9732,0.0013512752,0.006339252,0.99230945,0.00094589265,0.21113747,0.7879166,0.98563075,Positive,0.7879166,B007DJ0O9I,A328TUPI6HYZSF,Maplerise Mom,0,1,5,1336521600,Pop-Tarts Work of Art,"I found these new spring Pop-Tarts and bought them on a whim.  My kids and I were amazed and delighted at the fun, colorful, amazingly detailed artwork on these Pop-Tarts.  Fantastic for after school snacks, lunch boxes, and school treats. Tie with a ribbon for a bright ""thinking of you this spring"" gift.  The only challenge is finding more in stores.  Way to go Kellogg's - fantastic product!"
334,0.0,0.662,0.338,0.9719,0.0017571762,0.015942475,0.98230034,0.0012300233,0.20975973,0.7890102,0.9779502,Positive,0.7890102,B00469VSJI,A28D8FT2NNCS2Z,calledoutwithwords,1,1,5,1320710400,"Yes, this is real excellent coffee!!!","Yes, I am having a cup right now.  I went all over town looking for this coffee after been invited to a non profit organization to a banquet and besides the delicious food they top it off with this amazing delicious coffee.  I paid and extra 20 bucks to get it right way and it is worth the money. Highly recommend."
335,0.0,0.886,0.114,0.6124,0.9584,0.036552917,0.005046999,0.67088,0.29138705,0.0377329,-0.48362708,Negative,0.67088,B00469VSJI,A2EVOV2OZBQU53,Explorer777,0,0,1,1336694400,Does not taste very good,"Taste like it is stale.  Will not order this again.  I had this coffee at a 50th year annerversery at a reception hall and had to have it.  This stuff tasted NOTHING, like the Douwe Egberts at the hall.  This is possibly stale coffee."
336,0.046,0.8,0.154,0.6796,0.9191575,0.0689053,0.011937202,0.6572103,0.2882337,0.054556042,-0.43117416,Negative,0.6572103,B00469VSJI,A1447CDAPZGLYV,SANA AWAR,0,0,1,1326499200,No no,"Serveice delivery with the seller was excellent. The product was not. Will not order again. Bad taste. Iam not sure if it was old or that how it tastes. I throw it right away, i coudl not drink it."
337,0.078,0.651,0.271,0.8506,0.002215046,0.019982437,0.9778025,0.024950532,0.2092877,0.7657618,0.9380913,Positive,0.7657618,B002SRAU80,A156LLD3VZJGC2,D. W. Knowlington,0,0,5,1350604800,The king of all seasoning salts.,"This is honestly THE BEST seasoning salt in all the land.  It tightens up any dish; not spicy, just perfectly seasoned.  It's perfect, hence, my purchase of this 35 oz. mamma jamma."
338,0.0,0.765,0.235,0.9008,0.003592045,0.013821309,0.9825867,0.0025144315,0.23917492,0.7583107,0.95553625,Positive,0.7583107,B0067LDV66,A1KZ67VEU7CJQ3,Bprice,1,1,5,1345334400,Toasted Sesame oil,"The order arrived as advertised. I have had only a few chances to use it, but it is awesome. The flavor is exactly what I hoped for! It may take me a while to finish the entire gallon, but I will definnantly order again!"
339,0.0,0.734,0.266,0.784,0.0018009769,0.018252682,0.9799463,0.0012606839,0.23297688,0.76576245,0.9199017,Positive,0.76576245,B0067LDV66,A26EQ8U96JA92T,Jody,0,0,5,1347062400,"Tasty, tasty tasty!","I like a lot of sesame oil and use it in salads regularly.  Great quality, flavor and aroma.  Can't beat that its organic!"
340,0.078,0.823,0.098,0.4416,0.0035019761,0.03147187,0.9650262,0.025851382,0.26893032,0.7049183,0.8055469,Positive,0.7049183,B000HKYP9A,A2CHZ5Q2EF3IR3,Mommy with an Opinion,2,2,5,1168905600,"Love, Love, Love These!","Bought a set of two when my son was about 6 months, and we started taking them with us whenever we went out to eat.  I cut up cantaloupe, apple, banana (even used sweet potatoes a few times)-- just whatever I could get at the restaurant-- and it would keep my son busy long enough that I could actually eat!  It's great because I didn't have to be overly worried about him choking on big chunks, and he got to try out new foods.  I wouldn't hesitate to buy this again."
341,0.069,0.782,0.149,0.8499,0.03933696,0.19329584,0.7673672,0.04823587,0.36990708,0.581857,0.7645911,Positive,0.581857,B000HKYP9A,AD5WAUA14YD6N,M. Knapp,0,0,4,1281657600,"great for eating whole foods, clean with veggie brush","I have a slightly different version of this - different brand.  My son started using it around six months, and he really enjoys it.  He DOES get messy if he eats something sticky or juicy like banana or watermelon, but whatever...  Anyway, I also had trouble cleaning it, until I tried scrubbing it with a nail or vegetable brush.  That works pretty well.  It takes some time, but not as much as it would take to run food through a food mill or blender, or cut it up, then clean it up off him, the chair, the floor, the dog, me, well you get the picture."
342,0.041,0.657,0.302,0.8731,0.0031988372,0.013681559,0.98311967,0.014539186,0.2066771,0.7787838,0.94787455,Positive,0.7787838,B000HKYP9A,AHMKE1AJEHHS3,"J. Ponce ""MPonce""",0,0,5,1190678400,Absolutely LOVE IT!!,"What a GREAT idea!!!! My daughter love it.<br />I don't think is difficult to wash, I mean, is not like just toss water and that's it... but, come on!!!!<br />Absolutely recommend it!"
343,0.0,0.912,0.088,0.4939,0.8709561,0.111713246,0.01733066,0.60966927,0.35179928,0.03853146,-0.44936782,Negative,0.60966927,B000HKYP9A,A6VEEE9HOL004,"Jaime M ""Luc's Mom""",0,0,3,1180224000,Only good for ice,This product is impossible to wash and actually get cleaned.  I couldn't get the food pieces out to save my life. I tried scrubbing them out and even washed it in the dishwasher as it suggests.
344,0.11,0.678,0.211,0.8053,0.022630317,0.06687101,0.9104987,0.048841223,0.25020972,0.7006491,0.8630978,Positive,0.7006491,B000HKYP9A,A3JBI5QDS32UEM,J. Foreman,0,0,5,1173484800,Great for teething,"I loved this product for fruits and other food that I didn't want my new baby to choke on.  I also used it to put ice in when my baby was teething. It worked great for this, as well as for the food. I didn't like bananas in it though-impossible to get clean!"
345,0.101,0.627,0.273,0.9758,0.046715815,0.08641114,0.866873,0.063001074,0.24858779,0.6887111,0.86685014,Positive,0.6887111,B000HKYP9A,AMNCDXFZKL6MZ,C. Lamberts,0,0,3,1173484800,Wonderful idea-difficult to clean.,"I love, love, love the idea of this product and my little one loves, loves, loves to use it.  She gets fresh fruit and other tasty things and I don't have to worry about her choking.  The only drawback is that bits of food get stuck in the mesh and the seams and are impossible to get out.  Granted, some foods are more difficult than others and some don't cause that much of a problem.  Bananas however, have pretty much destroyed a couple of them.  While I love this product, I think that next time I will get the one that has the removable and replaceable mesh bags."
346,0.044,0.725,0.231,0.8319,0.11633052,0.37460846,0.50906104,0.09463136,0.47972593,0.42564273,0.5244813,Neutral,0.47972593,B000HKYP9A,A2B7A8FJBT0HDX,"S. Nayeem ""Hanaa's mommy""",0,0,3,1171584000,I wasn't that impressed,"The Munchkin fresh food feeder is an okay product, it's kind of like sucking on food through a cloth. While my daughter was interested in it for a little while, she eventually lost interest. I may introduce it back to her again and see how she reacts."
347,0.0,0.608,0.392,0.9694,0.0039676437,0.015099988,0.98093235,0.0027773506,0.19297,0.8042527,0.9746952,Positive,0.8042527,B000HKYP9A,AEIAXBIMAO9T0,"Heidi ""Hydez54""",0,0,4,1168473600,Love the Fresh Food Feeder!!,"This product is amazing. I know a few people with little ones that use these and they LOVE them!! Super easy to clean and use. When ordering these, I was under the impression that there were 2 per package...FYI-they're not!! Only one per..."
348,0.093,0.752,0.155,0.7667,0.0027041049,0.0141435675,0.9831524,0.029792873,0.2355005,0.7347067,0.9163238,Positive,0.7347067,B00067AD4U,A2OB1BFAEPAYBM,R. C. Wilkins,1,1,5,1207440000,Great Beans!!!,I ordered these for my coffee themed wedding. When they arrived I had to fight off friends because they smelled and tasted so good. I literally had to hide the box to the wedding! They were a big hit on my wedding day and there were none left over that we put on the tables. It was a great tasting product for the lowest price I've seen!
349,0.0,0.678,0.322,0.908,0.0014268929,0.0126501955,0.98592293,0.0009988251,0.21225514,0.786746,0.96154726,Positive,0.786746,B00067AD4U,A3GT3KCGY9EYF4,Siri J,1,1,5,1198195200,Good stuff!,"""These are delicious! The chocolate is excellent and the espresso bean was the perfect roast for this purpose. Crunchy and not bitter.""<a href=""http://www.amazon.com/gp/product/B00067AD4U"">Chocolate Covered Espresso Beans 5 Pounds</a>"
350,0.071,0.861,0.068,-0.0258,0.30989853,0.44326484,0.2468367,0.23822896,0.5685854,0.1931857,-0.05188328,Neutral,0.5685854,B00067AD4U,A2LYOWC3FC73XK,"Michael Ekstrum ""expresso bean fan""",1,1,5,1178928000,excellent - exactly what I expected,"The product was exactly as advertised and fresh.  Unfortunately, I keep them in a candy dish in the office and they are going fast.  We need to reorder to keep up with ""demand"""
351,0.0,0.715,0.285,0.9177,0.001305425,0.008599986,0.9900946,0.00091379747,0.22051999,0.77856624,0.9674624,Positive,0.77856624,B00067AD4U,A7DSY3M6P6RG3,taza052007,0,0,5,1181692800,These are the Best!,"These chocolate covered espresso beans are wonderful!  The chocolate is very dark and rich and the ""bean"" inside is a very delightful blend of flavors with just enough caffine to really give it a zing."
352,0.064,0.727,0.209,0.7337,0.001323176,0.009295046,0.9893818,0.020126224,0.22460653,0.75526726,0.91175103,Positive,0.75526726,B0029OWDAU,A1DTDSL1J6C05F,"Heartsinohio ""Heartsinohio""",0,0,5,1347667200,Love Love Love,"Popchips are so good.  I have been following Weight Watchers and lost 50 pounds and am at my goal.  These Popchips are my salty crunchy indulgence.  They taste so  good,"
353,0.0,0.893,0.107,0.802,0.033809647,0.17086186,0.7953285,0.023666753,0.3875033,0.58882993,0.7736633,Positive,0.58882993,B000SEJ84M,A19Y7MSOR2J7XP,G. Macleod,0,0,5,1258588800,The product is great but the price is out of line,"I've purchased dozens of bags of this pancake mix (which is a great product, by the way).  This is the highest price I've seen.  Whole Foods carries this item and it's been on sale there for $9.99 (that's Canadian dollars, too, as I'm in Canada).  It's even cheaper on Baker's Box's own website, and they're the company selling this product through Amazon. For a two-pack they should be charging $20 or less.  What gives?  I thought Amazon was where you could find competitive prices."
354,0.0,0.888,0.112,0.6604,0.12686326,0.54895616,0.32418057,0.088804275,0.65066934,0.2605264,0.3362422,Neutral,0.65066934,B001LMNXFA,ATBV3QRAVD2PJ,"Michelle L. West ""Paisleymll""",3,3,5,1280361600,Swedish Pearl is not the same as  Belgian Pearl,"The Sugar was sweet, that can not be denied.  As advertised, It didn't melt when baked either.  However, it will not do for your Liege Waffles/Gaufres what the larger pebbles of Belgian pearl will do.  These grains are smaller, think pretzel salt, or seed pearls."
355,0.0,0.802,0.198,0.6892,0.0012561199,0.012231082,0.9865128,0.00087928394,0.24916176,0.74995893,0.8964397,Positive,0.74995893,B001LMNXFA,A226DRVTNFWM28,"Proud Mom of Two ""Bigounets""",2,2,5,1291680000,Perfect!,"That's exactly what I was looking for to bake some chouquettes (puffs with small sugar pearls on top). Works great, yum!!"
356,0.05,0.734,0.215,0.8008,0.0029869906,0.01719788,0.9798151,0.017090892,0.23223852,0.75037056,0.9240196,Positive,0.75037056,B002J2DO8W,ASIAOU4JW8LUG,K. Gohokar,0,0,5,1331596800,great taste,This is what I was looking for and was missing it. The taste is exactly the taste as the one made in India so just loved it and remember my days back in India. Definitely recommend it.
357,0.027,0.835,0.138,0.8805,0.052710935,0.30957428,0.6377148,0.044997655,0.46720198,0.48780036,0.67365265,Positive,0.48780036,B000U9V5AU,A2VOVLKP603R1T,D. J. Brown,7,7,5,1297468800,Taste-tested by a wine maker,"I bought this strawberry extract hoping to spruce up a strawberry wine that ended up with less flavor than I'd original expected. (A common problem in some fruit wines.)<br /><br />This is, indeed, good strawberry flavor!  Just add to your sugary concoction (be it a baking good, a dessert or a drink) to either give strawberry flavor (or add to existing flavor), and presto, just about everyone will be licking their lips (and maybe fingers).<br /><br />For those interested, I found the right addition to a liquid volume to be 4 oz of extract per 1 gallon of liquid."
358,0.0,0.895,0.105,0.631,0.0018478296,0.01263364,0.9855186,0.0012934806,0.27734354,0.72136295,0.8778695,Positive,0.72136295,B001SB099M,A2XADCFYDXH7IV,Thomas A. Johnson,1,1,4,1320969600,Excellent Everyday Olive Oil,"Great stuff and dependable, especially when there are a million brands ""out there"" to choose from.  I love the stuff.  For really high end desires, I go with the Apollo Olive Oils from California.  But I buy a whole lot more of this stuff and will buy it again and again."
359,0.164,0.694,0.142,0.283,0.025138557,0.054880388,0.91998106,0.06679699,0.24661626,0.68658674,0.71128976,Positive,0.68658674,B0041QJSJS,A1KZUXE70GYNGO,talonmedic,0,0,4,1347926400,"Love Weavers, I am a fan.","I hadn't tried (or heard of) till recently Weavers not it's my favorite. I am running through the list of types they have looking for a favorite and haven't found one yet, they're all so darned smooth. No bite, no after taste, a little pricy but still worth it. No worse price wise than starbucks or peets. Will keep running through the list here and see what happens. Love them all so far."
360,0.0,0.705,0.295,0.954,0.0033583236,0.041991696,0.95465,0.0023508265,0.2408942,0.756755,0.9521042,Positive,0.756755,B0041QJSJS,A221AFCU6AE0QO,Sarah Bowman,3,5,5,1318204800,Make My Day,"Having always been a strict Peet's Coffee lover, I was reticent to switch brands but Weaver's won my heart!! The taste is clean and strong, the ethos is correct (organic, baby) and even the packaging is very zen and appropriate. Be still my caffeinated heart!"
361,0.033,0.785,0.182,0.9441,0.040284175,0.31234974,0.64736617,0.038098924,0.4541448,0.50775635,0.70818746,Positive,0.50775635,B0041QJSJS,A2BAVWMHL130WY,Bruce L. Ishimatsu,2,4,5,1318723200,Treat yourself to the best coffee!,"Go ahead and drink the other brands served at your neighborhood cafe if you must but make sure you have a stash of Weaver's Peru Organic Whole Bean at home to serve up to your friends and family who deserve the best coffee.  And when you go back to that corner cafe where people drink average coffee because they don't know better, take along a travel mug filled with Weaver's coffee from home and enjoy a real Cup of Joe.  Er, Weaver's."
362,0.228,0.772,0.0,-0.734,0.8771124,0.109750845,0.01313685,0.6823787,0.3084256,0.009195794,-0.8249829,Negative,0.6823787,B0041QJSJS,A20B2BU1ZPY9AW,Mr Coffee,0,1,1,1345507200,Bitter,"A very bitter tasting coffee even when enhanced with cream and/or honey. Definately not my cup of coffee. Oh, did i say it was bitter?"
363,0.0,0.891,0.109,0.8802,0.0020596557,0.02822035,0.96971995,0.0014417589,0.28705424,0.711504,0.9414222,Positive,0.711504,B0041QJSJS,A2T68P9I05KBFT,Rusy,0,1,5,1328054400,"Drinking it now, love the latin america ""aroma""","Im learning that Latin American and South American coffees have this distinct ""coffee"" caramelish finish.  As a Peets Coffee fanatics we learned that Weavers roaster was the roaster for Peet's and we are hooked !  I already reviewd the French and Organic blend, but I must say this coffee here is a perfect afternoon drink.<br />Met the weavers team at the Warner Brothers party and they gave me a half a pound of french roast.  Since them we are fans.<br />You wont be dissapointed !"
364,0.0,0.742,0.258,0.8088,0.0017921387,0.022413373,0.97579455,0.0012544971,0.23828936,0.7604562,0.9244416,Positive,0.7604562,B00437JI8Q,A2SLZMD0UYRT5X,cat's food,1,1,5,1323993600,GREAT SNACK,"I like eating these whenever I need an energy boost.<br />It has everything that I am searching for in a, ""To Go Snack"".<br />Fiber plus Chocolate is never a bad thing!!!"
365,0.033,0.621,0.346,0.9334,0.0015971988,0.0048111463,0.9935916,0.011018039,0.18966779,0.79931414,0.974416,Positive,0.79931414,B00437JI8Q,A3UM3M6WSUN5BR,S. Smith,1,1,5,1316217600,Best Bar,These are my favorite bars ever. The combo of raisons and dark choc is wonderful! Very filling! These are hard to find in the stores. I'm thankful for subsrcibe and save!
366,0.076,0.768,0.156,0.4434,0.0035325284,0.011852235,0.98461527,0.02527277,0.23869656,0.7360307,0.81977785,Positive,0.7360307,B00437JI8Q,A4TLHOUT1PHTL,Alison,0,0,5,1346198400,Can't find anywhere else!,"My fiance loves these dark chocolate and nut granola bars and all the grocery stores around us don't carry them anymore!  Once again, Amazon came through and he couldn't be happier."
367,0.0,0.685,0.315,0.9366,0.002689483,0.016208733,0.9811018,0.0018826382,0.21684612,0.7812713,0.9658687,Positive,0.7812713,B00437JI8Q,A3DKCBKDEO2GS3,Moviegeek,0,0,5,1338768000,My New Granola Bar,"I was buying Quaker Oats granola bars but these Nature Valley chewy bars are better tasting, they make a great snack when I'm on the go. Chocolate, peanuts and raisins...it doesn't get any better."
368,0.038,0.84,0.122,0.8016,0.014190249,0.110975005,0.8748347,0.021333175,0.3296825,0.6489843,0.84293115,Positive,0.6489843,B00437JI8Q,A1J87LOAYSMHO9,"P. Parchman ""Savvy Shopper""",0,0,5,1306368000,Another Husband Favorite,"Hard to get husband to eat breakfast before school.  He takes two bars now and is very happy to do so.  It is often hard to find flavor in local grocery stores.  So again, Amazon.com came through with a reasonable price.  Now, I came keep the husband's breakfast ready as he runs out the door in the mornings.  I often like to have a bar in the evening as a night snack."
369,0.064,0.871,0.066,0.0258,0.19530044,0.32005545,0.48464411,0.15591031,0.4853388,0.35905087,0.21028054,Neutral,0.4853388,B002O3VHXU,A1OIMIM4FHT4IG,"Jerry Perkins ""Nevada Perky""",2,2,4,1283817600,Price surprise,"""Nantucket Blend coffee is one of my favorites.  I was suprised that it was a single box.  every time I ordered before it was a 2 pack.  My fault for not reading closer.  I will not order any more at this price for 1 (24 count)"
370,0.0,0.913,0.087,0.7703,0.0015017188,0.024415128,0.9740831,0.0010512031,0.2909906,0.70795816,0.91189694,Positive,0.70795816,B002O3VHXU,A3OXHLG6DIBRW8,"C. F. Hill ""CFH""",1,1,5,1282176000,Very Smooth Coffee - Highly Recommended,"Green Mountain ""Nantucket Blend"" K-Cups make a very good cup of coffee in my <a href=""http://www.amazon.com/gp/product/B000AQPMHA"">Keurig B-40 B40 Elite Gourmet Single-Cup Home-Brewing System</a>. This is a very smooth tasting brew that my wife prefers over the <a href=""http://www.amazon.com/gp/product/B0029XDZIK"">Coffee People, Donut Shop K-Cups for Keurig Brewers (Pack of 50) [Amazon Frustration-Free Packaging</a>] I generally drink in the morning.<br /><br />These are good on both ""Small"" and ""Large"" cup settings as well.<br /><br />Highly Recommended!<br /><br />CFH"
371,0.012,0.86,0.128,0.9923,0.039689347,0.20750731,0.7528033,0.031382542,0.4032551,0.56536233,0.79686975,Positive,0.56536233,B002O3VHXU,A2TJG4N8LNJW23,Blythe Dresser,0,0,4,1327104000,A saving grace for Green Mountain Coffee...,"When we received our Keurig Elite for Christmas, we were so excited to break open the sample pack of pods to try out different blends and flavors. Of the 12 pods we had in the box, four were Green Mountain Coffee brand. I'd never tried anything from this company before, but from what I had researched online, they have the largest range of Keurig pods and have even bought out competitors to produce coffee under their brand names as well.<br /><br />Unfortunately, I was immediately disappointed by the quality of the coffee. We tried their Dark Magic, Decaf and Breakfast Blend and all were underwhelming, to say the least. I was almost completely set on writing off Green Mountain altogther.<br /><br />We had one GM pod left and being of the mindset of waste-not-want-not, I figured I'd give it one last go around before forgetting about them completely. And I'm glad I did.<br /><br />The Nantucket Blend is a perfectly pleasing cup of coffee. It is nice and flavorful without being thick and pungent (unlike some of the other GM blends we tried). I added some flavored creamer to it and it almost measures up to our go-to Caribou Blend pods. Almost. All in all, this is a very standard cup of coffee which, while it isn't anything new or exciting, is very pleasing and definitely one of the better Keurig options we've been able to test out. When we run out of all the pods we've accumulated, I'll probably pick up a box of these as well.<br /><br />Now that I know Green Mountain isn't completely disappointing I'll definitely be open to trying a few more of their coffees (with our promotion for getting the bewer we ordered <a href=""http://www.amazon.com/gp/product/B004I3Y4IE"">Green Mountain Coffee Golden French Toast,  K-Cup Portion Pack for Keurig K-Cup Brewers, 24-Count</a> to try as well) and see how it goes from there.<br /><br />If you're looking for a go-to choice, this is your cup!"
372,0.087,0.643,0.27,0.6912,0.0010370421,0.0147186695,0.9842443,0.026825929,0.20320307,0.769971,0.89560497,Positive,0.769971,B002O3VHXU,A2129VQGGHR150,Carol C.,0,0,5,1313366400,My favorite,Green Mountain is my favorite brand. Nantucket is my favorite coffee from Green Mountain. Very smooth flavor. Not too strong and not too weak.
373,0.11,0.748,0.142,0.1264,0.15226197,0.39071283,0.4570252,0.13958338,0.497899,0.36251765,0.25125432,Neutral,0.497899,B002O3VHXU,A1HQV09XG1Z0YW,Joy2talk2U,0,0,4,1305676800,Good Coffee,"I was looking for a replacement for Timothy's Kona Blend which is no longer carried on Amazon.  This coffee from Green Mountain is very nice, but not strong enough for me.  If you like milder coffees, then this one is for you."
374,0.0,0.588,0.412,0.9168,0.0012394169,0.013074621,0.9856859,0.0008675918,0.18555224,0.8135801,0.9641526,Positive,0.8135801,B002O3VHXU,A2ZNLPYMZOXLGX,"Michael Kelly ""kelly""",0,0,5,1299024000,Nantucket blend k-cups,"One of Green Mountains best blends of coffee in my opinion,love it for your everyday blend, perfect stregnth, excellent blend!"
375,0.0,0.728,0.272,0.9472,0.0025682994,0.009200676,0.988231,0.0017978096,0.22484048,0.7733617,0.97412384,Positive,0.7733617,B0057FTBYO,A5IWYNX8RHRKL,"J. D. Laughead ""jdlaughead""",0,0,5,1347840000,Fantastic Chicken Noodle soup,"This is just Fantastic Chicken Noodle soup, the best I have ever eaten, with large hearty chunks of chicken,and vegetables and nice large noodles. This soup is just so full bodied, and is seasoned just right.  I am so glad Amazon carries this product.  I just can't find it here in Vermont."
376,0.054,0.69,0.256,0.8962,0.0021029331,0.01912267,0.9787744,0.017672054,0.22038586,0.7619421,0.9525299,Positive,0.7619421,B0087HW5E2,A139RTDNMU3WY5,blanket lady,2,2,5,1339977600,Greatest Oil since slice bread !!!!!!!,"I have used this oil for several years and it is the best for eating with bread or cooking,  I love the regular, I use it on everything. You won't be sorry you tired it, great for dipping bread and cooking omelet, and green beans."
377,0.0,0.796,0.204,0.874,0.006961606,0.022366688,0.9706717,0.004873124,0.2544567,0.7406702,0.93679714,Positive,0.7406702,B003YXWAF8,A212PEJ8E3TS3V,MsMargo,5,7,5,1312588800,Best Ever!,"Oh my gosh, is this good!  Like most people, I've been eating ketchup my whole life and never really thought anything about it.  Then Hubby brought a jar of this home.  The tomato flavor is amazing.  I will never buy store ketchup every again."
378,0.046,0.793,0.161,0.9341,0.0530312,0.18477142,0.7621974,0.05092184,0.36724,0.5818382,0.77664626,Positive,0.5818382,B003YXWAF8,AS89BWXQRDAMV,crpar,2,3,5,1335139200,Deliciously scrumptious,"Sir Kensington's did a great job of updating the classic ketchup with this wonderful product. The refreshed taste of this Ketchup is a great update, and now leaves me disappointed when I'm given Heinz while out at a restaurant.<br /><br />For you Heinz die hard fans out there, this is not the ketchup for you. But for those of you who wish you always knew what ketchup could be without the chemical aftertaste found in Heinz, be sure to give this Ketchup a try.<br /><br />Don't forget the spiced variety. Purchasing the pack with both the classic and spiced variety for your first Sir Kensington experience is definitely the way to go."
379,0.063,0.524,0.413,0.9709,0.003935117,0.010020442,0.9860444,0.021654582,0.1642143,0.8141311,0.9787464,Positive,0.8141311,B003YXWAF8,A3OOAICYUJT8EL,Corvette &#34;Terry&#34;,0,0,5,1350172800,Heinz no more!,"This is ridiculous.  The best gourmet ketchup I have ever tasted.  It is pricey, but wow..love this stuff.  It would make a great gift for someone who is hard to buy for but loves their ketchup.  Yummy!"
380,0.036,0.695,0.269,0.9468,0.0018355078,0.013072624,0.98509187,0.012084856,0.21765083,0.77026427,0.97231936,Positive,0.77026427,B003YXWAF8,AMN6JEQ31G052,Brandonius,0,1,5,1336521600,This is really good stuff,The tomatoes are the star of the classic flavor.  It is clean and really fresh!  Perfect on an avocado chicken sandwich.<br /><br />The spicy flavor is more complex and is the best ketchup I have ever tried.  It is so good I have now used it on foods that would make me seem crazy!
381,0.074,0.715,0.212,0.8349,0.37118366,0.35867342,0.27014294,0.28202856,0.4655714,0.25270006,0.1797415,Neutral,0.4655714,B003YXWAF8,A35G909LKGM6R1,Jeanjae,1,3,3,1336176000,Disappointing,"The spicy version of this ketchup isn't bad, but it is too expensive.  The regular version is sweet as dessert.  Horrible.  Annie's Organic has a much better flavor and costs a lot less.  Even Heinz organic is a better deal.  I gave it three stars instead of two because it is in glass, not plastic."
382,0.318,0.515,0.167,-0.7184,0.9725391,0.023539398,0.003921551,0.77617735,0.17097756,0.052845083,-0.8935523,Negative,0.77617735,B003YXWAF8,A1KQXO716WOOD6,Allison Beegle,7,13,1,1309305600,Waste of money,These condiments are overpriced and terrible. The classic is disgustingly sweet. The spiced tastes like a bad spicy marinara sauce from a chain restaurant.
383,0.0,0.905,0.095,0.6369,0.00240935,0.034049116,0.9635415,0.0016865449,0.29533437,0.7029791,0.8638625,Positive,0.7029791,B000UXA3L8,A3AEEQSKFVN9NB,waydeps,2,2,5,1313020800,Porcini Mushrooms an excellent product,"I have been using porcini mushrooms in my cooking for twenty plus years. The Roland extra fancy porcinis that I purchased from you are the best that I have ever used, including the mushrooms that I bought in Italy and transported back to the USA."
384,0.027,0.78,0.193,0.9913,0.00324617,0.03394464,0.9628092,0.010372319,0.25776124,0.7318664,0.969084,Positive,0.7318664,B000UXA3L8,A25C2M3QF9G7OQ,Comdet,0,0,5,1335139200,"Excellent flavor, mostly large pieces","I was pretty pleased with these mushrooms. They were mostly large pieces, re-hydrated well and had good flavor. I'd estimate about 25% of the contents were broken into medium to small pieces, most likely due to the shaking about in transit. Not a problem since I sometimes break the large pieces into smaller ones for some recipes. There was a small amount (perhaps an ounce or so) of very small/minced-size/dust-like pieces. Still useful to add into gravies and the like. Nothing gets wasted!<br /><br />The label says it is a product of China and Italy. Nothing was specified as to the proportion from each country.<br /><br />I'm quite fond of dried mushrooms. While they may lack the texture you can get only when using fresh ones, the convenience of always having them on hand is a big plus. Additionally, I find the broth used to re-hydrate them adds a wonderful flavor to soups and stews. To save time and add flavor, I sometimes add the dried mushrooms directly into the soup or stew without re-hydrating them. Really helps meld all the flavors together. I also am fond of adding some to the cooking water when boiling pasta. The pasta picks up a wonderful earthy flavor when it cooks in the mushroom-infused water.<br /><br />This was the first time I used the Roland brand (got it on a price dip from the Amazon Warehouse), and would certainly buy them again. Highly recommend."
385,0.0,0.767,0.233,0.8065,0.0058693,0.14068827,0.8534425,0.00410851,0.3285818,0.6673097,0.8352512,Positive,0.6673097,B004AVYUOW,A1ZZMVHSLQSE7R,Murdy,1,1,5,1325376000,The Best,"If you are a peanut lover, these are for you. Much larger than cocktail peanuts. Six people on my Christmas gift list ask for these every year!!"
386,0.0,0.774,0.226,0.9796,0.002614929,0.01841941,0.97896564,0.0018304504,0.24509358,0.7530759,0.97732544,Positive,0.7530759,B001ESOQAM,A37RRNHOYQ7JPH,Judy,0,0,5,1323993600,Good for the money,"The cashews were nice and big, with the vast majority being whole.  There were a number of small pieces at the bottom of the bag, but that's pretty expected with so many cashews.  They made an absolutely excellent cashew brittle.<br /><br />My order took just over a week to arrive, which was pretty decent considering it was shipped across the country.  They came double bagged in clear plastic bags, and in two 5 lb portions.  This was highly convenient since I could just throw one of the bags into the freezer until I was ready to work with it.<br /><br />Great value for the price."
387,0.0,0.839,0.161,0.8625,0.0038012315,0.039825145,0.9563736,0.002660862,0.2795776,0.7177615,0.9255507,Positive,0.7177615,B001ESOQAM,AQDT2YOPW35IU,Ammers,0,0,4,1319068800,"not the highest quality, but good for the price.","Although there were several ""shriveled"" ones, they taste just fine.  I mostly use them to make vegan sauces and other recipes that call for running them through a food processor so they don't have to look perfect anyways.  For the price, they are a great deal (about half of what I find them for in the store)"
388,0.089,0.75,0.161,0.8201,0.10777144,0.3899861,0.5022425,0.10214,0.49799025,0.39986974,0.5221597,Neutral,0.49799025,B001ESOQAM,A2JH47KQUPWVRO,Cashew nutter,0,0,5,1312243200,Fresh - Whole.. perfect,"I ordered these after a fair bit of searching online - even ordering the smaller 1-3oz bags. I will admit, I was a bit sceptical when I ordered this since it was not cheap and had no idea how good (or bad) the cashews would be...<br /><br />The order came in pretty fast - like 3 days. The cashews were fresh and whole - with like 10 broken pieces. They were in 2 5lb bags sealed with clear tape.. first I found it odd but then it turned out to be a good deal; considering the second pack stayed fresh till I opened them. The trick is to actually keep them in an air-tight box so that they stay fresh longer.<br /><br />The only negative I can think of is that the price went up abt $5.00 for the 10lb since I bought them."
389,0.088,0.537,0.375,0.755,0.003265371,0.041946683,0.9547879,0.02868576,0.19046268,0.78085154,0.8925657,Positive,0.78085154,B001ESOQAM,A2609IIYREBZRT,Duchess in Denim,0,0,5,1295481600,Fresh and Tasty,These nuts arrived fresh and are very tasty.  They are not broken or dirty looking like cashews sometimes can.
390,0.031,0.764,0.205,0.9183,0.006314164,0.07281149,0.92087436,0.0137199145,0.28016806,0.706112,0.9156821,Positive,0.706112,B001ESOQA2,AC8PTTE9SEU9E,T,0,0,4,1234828800,Valentine gift winner,"I bought these for my boyfriend who really likes honey roasted pecans in salads that I have at a couple of restaurants. Plus, he likes nuts, pecans, almonds peanuts. He loved these. I actually ordered 3 cans instead of the gift tin, so he could take one to work, or his place, and stay fresh longer. Although I don't think freshness will be an issue, they won't last long......lol"
391,0.248,0.636,0.116,-0.8174,0.8913396,0.09386835,0.014792091,0.69833773,0.25650784,0.045154463,-0.8588033,Negative,0.69833773,B003XT4AV0,A2FZRO46DF0UHN,"D. Mertins ""AUDIOGURU""",1,1,2,1292630400,Cat won't go near it!,"My cat will go for a day, probably longer, haven't tryed it, but he'll walk right by this stuff every time, even when I know he's hungery. ABSOLUTELY NO INTEREST. I swear he'd rather die of starvation then even take a wiff of it!!"
392,0.0,0.642,0.358,0.8591,0.0042042616,0.021389395,0.97440636,0.002942983,0.20757258,0.78948444,0.9368715,Positive,0.78948444,B003XT4AV0,A1FERORG6RB1ZP,Darcy,1,1,5,1292630400,Simply WIld Chick & Brown RIce for Cats,Got this free with another order I placed.  I couldn't believe how much the cats loved it. I will buy again for sure.
393,0.0,0.661,0.339,0.8481,0.0013374517,0.016569128,0.98209345,0.0009362162,0.2098984,0.78916544,0.9409592,Positive,0.78916544,B001FA1MCO,A1H2R3U6I562W,Charles W Brown,2,2,5,1306022400,Ham Base,This is a great ham soup base.  I have used it in Ham and beans and seasoned greenbeans.  Great flavor
394,0.0,1.0,0.0,0.0,0.94313216,0.053086575,0.0037812795,0.6601925,0.33716062,0.0026468956,-0.6575456,Negative,0.6601925,B001FA1MCO,A30WKTJDBRD5UA,Peg,0,0,1,1347148800,MSG Ham Base,I haven't used the ham base. It is loaded with MSG. I did not realize this when I ordered it and can not return it because it is a food item
395,0.0,0.83,0.17,0.8016,0.002663345,0.033403046,0.9639336,0.0018643416,0.27238214,0.7257535,0.9133692,Positive,0.7257535,B001ELL6O8,A13T2G4T8LR8XA,First Time Mom,2,2,5,1189296000,Delisious Pancakes,Before I discover this mix on Amazon I always bought it in Whole Food Store.<br />I like this mix and when I am doing the pancakes they came very delicious and fluffy.<br />Just one small secret: Try to add the Seltzer water instead of regular one.
396,0.0,0.502,0.498,0.9677,0.0013188856,0.0060345503,0.9926466,0.0009232199,0.15482418,0.8442526,0.98423934,Positive,0.8442526,B001ELL6O8,A72H1W5S6UFMY,"King of Breakfasts ""King""",1,1,5,1278460800,A Great All Around Mix,I appreciate the fact that I can buy this product online and have free shipping. This is a great all around mix that is very good with a wonderful texture. Thanks again amazon.
397,0.0,0.638,0.362,0.9682,0.0013632416,0.010225833,0.98841095,0.0009542691,0.19855809,0.8004877,0.98139334,Positive,0.8004877,B001ELL6O8,A1PTPN5SY7C7SW,Leonard Kocurek,1,1,5,1215648000,Great mix,"Arrowhead Mills Buttermilk Pancake mix is my favorite mix.  It tastes great, cooks up light and fluffy and is super easy to make.  Although it can be made using water, I think it's better made with milk.  I love it with pure organic maple syrup."
398,0.046,0.703,0.251,0.867,0.0033146392,0.027500706,0.96918464,0.016120248,0.23015049,0.7537292,0.93620896,Positive,0.7537292,B001ELL6O8,AZ7289G0ILRFF,Stephanie Reid-Simons,1,1,5,1209427200,Perfect mix for egg-allergic!,The pancakes taste great without any recipe adjustments for my son's egg allergy.  It's also great for camping or any time you'd like to be able to make pancakes without having fresh eggs available.
399,0.0,0.8,0.2,0.9885,0.0025720305,0.04403837,0.9533896,0.0018004214,0.27082685,0.7273727,0.9621223,Positive,0.7273727,B001ELL6O8,ALSAOZ1V546VT,"A Research It Maven ""Just the facts please""",1,1,5,1200182400,Arrowhead Mills whole grain buttermilk Pancakes are easy!,"HEY! These are GREAT Waffles and Pancakes! We have to add 50% more mix, tho, as the recipies on the bag are VERY thin. But we have a lot of fun with this Arrowhead Mills Buttermilk Pancake & Waffle Mix! We serve them ""as is"" with fried eggs and REAL maple syrup, <a href=""http://www.amazon.com/gp/product/B002483TSQ"">Butternut Mountain Farm Vermont Pure Maple Syrup, Grade A Dark Amber, 1 Pint Jug</a>, or with warm strawberry jam and whipped cream, or Cool Whip, or add brown sugar to the mix to change the flavor and make a crispy waffle, or add 1/4 cup sugar and 1/4 cup malted milk powder <a href=""http://www.amazon.com/gp/product/B001EQ4HVC"">Carnation Malted Milk, Original, 13-Ounce Jars (Pack of 3)</a>, for awesome gourmet pancakes and waffles like they serve at the Hilton! Its handy to have extra bags on hand, too, and you cant beat the Subscribe and save price. This mix is 70% ORGANIC, too!"
400,0.0,0.787,0.213,0.7644,0.0017902551,0.018862465,0.9793473,0.0012531786,0.24930373,0.7494431,0.91361,Positive,0.7494431,B001ELL6O8,A1ORGHJ9LSZB03,"A. Lehmann ""sweetnotes""",0,0,4,1259280000,Good for Egg Allergy,We are glad we found this mix as we make pancakes without eggs for my son who has an allergy.<br />They taste fine for our family- we like them many ways!
401,0.234,0.556,0.211,0.0,0.5301187,0.30695212,0.16292919,0.44128308,0.38166648,0.17735043,-0.25703263,Negative,0.44128308,B001ELL6O8,A1JM25M2PSVPXE,G. Erikson,1,4,3,1186790400,Love the product disappointed in the shipping.,I love the flour however Amazon sent it with a book which broke a bag and made a mess. Customer sevice took care of the problem however it was a foolish way to ship the product.
402,0.093,0.813,0.095,0.0258,0.91700625,0.07611905,0.0068747955,0.66980433,0.29718333,0.033312358,-0.62935203,Negative,0.66980433,B001ELL6O8,A12T0F58OKHCIW,"fishaholic ""hearyeethis""",1,4,1,1184025600,poor item packaging,This mix is very poorly packaged and breaks open easily during shipping. Nearly a full bag of my order was spilled in the shipping box. 3 bags out of 4 had come unsealed at the top. There were no tears in the packages.
403,0.215,0.697,0.088,-0.6351,0.97632855,0.020631172,0.003040245,0.74792993,0.22354181,0.02852817,-0.8718318,Negative,0.74792993,B001ELL6O8,A2APBHKZCMD6DO,X,0,6,1,1207353600,Awful,"Just awful!  I thought food was supposed to taste good!  I had to eat ice cream afterwards to get the taste out of my mouth, it's that bad."
404,0.194,0.771,0.035,-0.9058,0.943961,0.049619094,0.0064198347,0.7189727,0.26603335,0.014993884,-0.9280188,Negative,0.7189727,B006CGURWM,A3F5EUYWKVWPJ6,southernboy,0,0,1,1342915200,disappointing,"Perhaps the worst bottle of wine I've ever had. I'm not even sure I would cook with this. It is thin, no body, and a transparent color not characteristic of a good pinot.  The taste is just bitter - not the complexity that I expect from a pinot noir of any price. Just not what I'm looking for even in a low to mid price pinot noir. Maybe my bottle wasn't sealed well and went to vinegar - other reviews for this wine are favorable."
405,0.0,0.691,0.309,0.8172,0.010942005,0.106237836,0.8828201,0.007659403,0.2816665,0.7106741,0.8554747,Positive,0.7106741,B00250I0EG,A2VJBGSGUC78FB,"Joy L. Breegle ""Joy B.""",1,1,5,1258156800,Great Healthy Snack,A good tasting light chip that has some value in nutrition.  Everyone get the munchies....is this is a good alternative to eating potato chips!
406,0.019,0.702,0.279,0.9622,0.0012657568,0.017922854,0.98081136,0.0065860297,0.223146,0.77026796,0.97434187,Positive,0.77026796,B000C21OOM,A1T61QP7QHYBRQ,an honest reviewer,6,7,5,1199059200,Sweet and Soothing,"This is a wonderful warm flavored tea, especially now in colder weather.<br />This tea has a sweet,soothing chamomile fragrance. It is subtle and sweet.It's one of the better chamomile teas.<br />If you find it hard to sleep at times, a cup of this sweet chamomile tea may help.<br />If you really like sweet taste try Bigelow Chamomile Mango Herbal Tea.<br />I highly recommend both."
407,0.0,0.954,0.046,0.6249,0.007032338,0.084890805,0.9080769,0.004922637,0.34562355,0.6494538,0.8182012,Positive,0.6494538,B003D4O92K,A2KTYAKU1PEVCI,D. E. Leslie,3,3,5,1288396800,minty flavor,"This is one of the best mint chocolate syrup I've ever had so far.  The others pale in flavor by comparison.  There are only seven ingredients in this sauce, including organic natural mint flavor.  In the past I used ice cream heavy with other flavors like butterscotch, chocolate chips, Oreo cookies, caramel et al, because the mint flavor of other mint chocolate sauces was too pale.  Now I buy plain vanilla or chocolate ice cream and the minty flavor of the Santa Cruz Organic Mint Chocolate syrup really stands out but doesn't overpower the flavor of the ice cream. There are only 110 calories.  And because the mint flavor is very apparent to my taste, I use it sparingly, so this 15.5 oz container last a bit longer than the other syrups I used."
408,0.036,0.772,0.192,0.9477,0.007440133,0.05642725,0.93613267,0.016008094,0.2710991,0.7128929,0.93439484,Positive,0.7128929,B003D4O92K,A3K24YL6ORL11F,Calizian,0,0,5,1339545600,Ingredients take about 2 seconds to read,"This is a simple product and it is simply good.  There are no extra ingredients that are hard to pronounce and have you scouring the internet finding out what they are.  It is a bit thinner consistency than the usual syrup, so use caution the first time you go to squeeze some out.  This will be great for people who like mint, it has a much stronger mint flavor than chocolate.  I use it in my coffee with a bit of half and half, tastes great.  Sometimes simple is better."
409,0.0,0.713,0.287,0.9257,0.0022291173,0.015930707,0.9818402,0.0015603821,0.22505149,0.7733881,0.9634378,Positive,0.7733881,B001IZM8A6,AVI998S4IX2Y1,"Melissa N. Connor ""rare maven""",1,1,5,1257897600,A Fantastic & Healthy Product,"A grande item !  Delicious fish with the ultimate flavor, best  ever in a can for all purposes !  I sent a case to my Mother recently diagnosed with Diabetes, and she loves it as a main entree for cooking patties !"
410,0.05,0.758,0.192,0.8316,0.011776409,0.07302699,0.9151966,0.023243487,0.27851892,0.69823766,0.8818741,Positive,0.69823766,B001IZM8A6,A2ANZVA56T7RAG,Patricia,0,0,5,1343260800,Great product,"I ordered this product at the same time as the Kirkland Signature salmon.  The Raincoast Trading Co. salmon is very tasty, equally as good quality salmon as the Kirkland.  However, the Raincoast arrived in perfect condition, the Kirkland cans were dented badly.  I recommend this product to anyone who likes boneless skinless canned salmon."
411,0.016,0.879,0.105,0.8681,0.031315837,0.11229317,0.85639095,0.026721086,0.34230524,0.63097364,0.83798265,Positive,0.63097364,B0089PI9OC,ARYNM1E978YX8,Bill,0,0,5,1341360000,Excellent tea!,"This tea tastes almost as good as the tea you would get at an Indian restaurant. It's much better than getting a teabag and making it the English way, with a lot of water and a bit of milk. This is very creamy and tasty. My only criticism is that there aren't enough sachets in the box. Only 10. Since the directions say that you use one sachet for 100ml of water (approximately half a cup), it's not enough for a good cup of tea, so I use two. That means that one box is only good enough for five cups of tea. But it's a delicious after-dinner drink! I would buy this again if there were more sachets in a box."
412,0.0,0.802,0.198,0.8555,0.0038901956,0.018439995,0.9776698,0.002723137,0.253508,0.7437689,0.9382956,Positive,0.7437689,B00061KYVI,A28RMYGO9RGA0K,marilyn,0,0,5,1328140800,french's roast'n bags,"i love this product cant find it locally. Sometimes little out of the way stores have it.But i also love the chicken,pork chop bags.Every store i go in i look for them the lastplace i found it was at a meat market."
413,0.0,0.815,0.185,0.7777,0.019207334,0.09217928,0.8886134,0.013445133,0.3090255,0.67752934,0.84189415,Positive,0.67752934,B00061KYVI,A3JE18D4XD2PYF,pattymelt,0,0,5,1282521600,best roast ever,This is the best way to cook a roast.  Our local grocery went out of buisness and so I could not find this product till I looked here.  Please continue to keep this product available!
414,0.0,0.914,0.086,0.4118,0.003724284,0.029990325,0.96628547,0.0026069987,0.29519323,0.7021998,0.79733276,Positive,0.7021998,B00061KYVI,A29ZSRDOYVO735,"Robert Ames ""Spenser_man""",0,0,5,1264809600,Franch's is the best,It's always a pleasure to find French's products on the web.  All of the markets in my area have made a bargain to carry nothing but McCormacks bland and tasteless seasonings.<br /><br />This is the most flavorful cooking bag mix you will ever find.
415,0.0,0.722,0.278,0.8902,0.0036943192,0.020468526,0.9758371,0.0025860234,0.23092797,0.766486,0.94755995,Positive,0.766486,B003XV5LHK,A197O1VYM9B8A3,LDA,0,0,5,1302307200,Double the pleasure!,"If you like Oreo's or the Oreo cakester, then you've got to try the Double Stuff cakesters!!! These are the best!! Side note: shipping was very slow, but maybe your chances will be better."
416,0.0,0.594,0.406,0.9612,0.001489924,0.011894799,0.9866153,0.0010429468,0.18652636,0.8124307,0.9779477,Positive,0.8124307,B005WU7V00,A3UV9TOZW3XXPV,tacoland,1,1,5,1336521600,VERY GOOD! Great taste and easy for a single guy!,"I was surprised about how good this was my family and friends laughed when I told them I bought this. But out of the can ready mix with a little salt, pepper, spinach, and some cheese and it's a great easy meal!"
417,0.07,0.799,0.131,0.9222,0.036502164,0.10573633,0.8577615,0.046551514,0.31371543,0.6397331,0.8515415,Positive,0.6397331,B005CFC9XY,A250IZTJ5UN2EI,Ian Harmer,0,0,5,1344816000,An acquired taste!,"The thing about Marmite is that those who don't like it hate it, and those who love it can't live without it.  It's very much ""an English thing"" and the language has even adopted the trade name as a metaphor (as in ""Victoria Beckham is Marmite"" meaning that those who don't like her...etc.).  Amazon has done the world a favor by making this weird and wonderful stuff available at an affordable price.  Last time I looked, it was $25 a 500g jar in British stores in L.A.County, or about 4x what it costs in England.  The Amazon supplier was quick and efficient, and I now have enough Marmite to last me to the end of the year (or would have, if I didn't decide to send one of the two jars to my son in Japan!).  Good job, Amazon!"
418,0.166,0.809,0.025,-0.8957,0.9625668,0.033042952,0.0043901596,0.72359675,0.26583007,0.0105731115,-0.93943363,Negative,0.72359675,B000SEJ842,A2IJOBHJXEZSS2,mosslake,0,0,1,1312934400,Look elsewhere for your whole grains,"A vile, miserable pancake. I put these in front of my toddler one morning and she actually cried. I don't know if it was their flat and anemic appearance or their salty bitter taste. Only the whole wheat flour is organic in this mix. The buttermilk, baking soda (SLS) and sea salt are not. I am going back to Nature's Path Buttermilk pancake mix. This one went straight into the garbage."
419,0.0,0.784,0.216,0.8876,0.08711908,0.29397792,0.61890304,0.060983356,0.44098455,0.49803212,0.6385287,Positive,0.49803212,B004X8TK8I,A3U2QAY7SVE9AI,W. Smith,0,0,5,1344988800,Hey!,Whats there to say about a fantastic chocolate chip cookie! The only thing that could be improved is if they offered a bushel box of these so you would not run out so fast. Hope these don't go the way of the dinosaur!
420,0.148,0.815,0.037,-0.5983,0.0146991275,0.10605643,0.8792444,0.05468939,0.3187395,0.62657106,0.42569172,Positive,0.62657106,B004X8TK8I,A3GIMXLOEPFJBV,Samuel Spade,0,0,4,1342396800,These are Famous for a reason.,These arrived on time and packaged in green plastic wrap.  The cookies were as fresh as the boxes found in the local grocery store.<br /><br />I have no complaints but I also now have no more cookies. We ate them all!
421,0.035,0.754,0.211,0.9561,0.0046012285,0.025528014,0.96987075,0.01372086,0.2440696,0.74220955,0.9625187,Positive,0.74220955,B004X8TK8I,AMRMK86X3PKXD,R. Thomasson,0,0,5,1337644800,Wow,"I was not expecting to like these cookies as much as I do. I like chocolate chip cookies well enough, but I really prefer a soft cookie to crisp ones. I have to say these Famous Amos cookies have pertty much turned me around. The cookies are rich and have that depth of flavor that comes from quality ingredients. The chips are real chocolate and melt redilly in your mouth creating a moist experience while chewing. These are truly great cookies."
422,0.0,0.861,0.139,0.4404,0.2542198,0.5514287,0.19435154,0.17795385,0.6443001,0.17774609,0.090212226,Neutral,0.6443001,B004X8TK8I,A1TYA1IYI3LGUC,John Snell,0,0,5,1335398400,"God, I love these cookies!!!","They aren't fattening and they're good for you, right? That's what I heard, at least, from an admittedly unreliable person."
423,0.223,0.68,0.096,-0.3314,0.6126872,0.3133278,0.07398508,0.495781,0.42332944,0.08058955,-0.47651148,Negative,0.495781,B000G6RYNE,A2NO1TXXS9T0EE,BruteNStones,0,0,4,1335398400,Hard,"Great if you are cutting back on fat, they do resemble regular chips but are nothing like them. Extremely dry and hard."
424,0.055,0.687,0.258,0.9106,0.0048548765,0.036528796,0.9586163,0.019898413,0.23167016,0.74843144,0.94081306,Positive,0.74843144,B000G6RYNE,A1IRN1M05TPOVT,"Sharon M. Helfand ""Scrapper""",0,0,5,1334620800,Kettle potato chips:  Fully loaded baked potato,"I have never met a Kettle brand chip I did not like. These chips have a great loaded potato flavor, which are flavorful. I like the sweet onion chips better, but these are also at the top of the list for great-tasting potato chips. Kettle chips are great chips f/the money!"
425,0.017,0.821,0.161,0.9576,0.0062578837,0.034265872,0.9594763,0.009480519,0.2702861,0.71993345,0.95453286,Positive,0.71993345,B000G6RYNE,ARONI7W0W677H,Peter N,0,0,5,1334275200,"Fresh, Lightly-Spiced, Crunchy Kettle Chips. Good Value, Good Product.","After buying bags one at a time (at a hefty markup) at nearby stores, I decided to try bulk ordering some snack foods on Amazon. I was very pleased with the price and the products.<br /><br />These jalapeno kettle chips are not overly spicy; they have a slow-building spice that starts very subtly a grows if you eat the whole bag, which I'm embarrassed to say I did quite a few times.<br /><br />The chips arrived well-packed and fresh. They had nearly a year of time before they expired, which is pretty impressive for chips.<br /><br />Most importantly, the price-per-bag was much, MUCH better than any local store could do, although I live near an expensive city, so that may play a role in the price difference.<br /><br />I wouldn't hesitate to order another box of these once I run out."
426,0.0,0.806,0.194,0.7717,0.012697538,0.13296178,0.8543407,0.008888276,0.33487323,0.65623844,0.8206601,Positive,0.65623844,B000G6RYNE,A1Y3XPZK9ZADFW,albinocrow,0,0,4,1334016000,glad to find them in 1 oz size,"I buy mostly for vending, so the size of the bag is important. Kettle's 1 oz bag is a good size although it seems a bit less than full. Salt & Vinegar flavor is satisfying, about an 8 out of 10."
427,0.029,0.817,0.154,0.7845,0.012627842,0.07625704,0.91111517,0.01753949,0.29847994,0.6839806,0.8642912,Positive,0.6839806,B000G6RYNE,A1Y3XPZK9ZADFW,albinocrow,0,0,4,1334016000,"pretty good, could be better",Glad to find these in a one ounce size but the bag seems a bit less than full. It's hard to find single serving chip bags that vend well. Sometimes they are too wide. or too plump with air. Bag size is good. BBQ flavor is about an 8 out of 10.
428,0.0,0.761,0.239,0.9337,0.0018590466,0.012468759,0.98567224,0.0013013326,0.23702814,0.76167053,0.9687793,Positive,0.76167053,B000G6RYNE,A1ELZC3WXWILX2,B. Carter,0,0,5,1333670400,a slight taste of jalapeno,"one of the best chips that you can buy...and i've tried all the kettle varieties, and many others.  There's only a slight taste of jalapeno, and they are delicious. Perfect with a sandwich or alone.<br />If you like being addicted, these are the chip for you. ...See you at addicts anonymous..."
429,0.0,0.739,0.261,0.9741,0.008164912,0.051790528,0.9400446,0.0057154386,0.25795338,0.7363312,0.94454575,Positive,0.7363312,B000G6RYNE,A1X5RAIMX4ZSLJ,BadPotato,0,0,5,1331856000,Best chips ever,"The title says it all. Great flavor, hint of spice, excellent crunch. We eat Kettle chips by the truck load at my house, we like all the flavors but this one far and away is our favorite, never enough bags to get us to our next shipment. I just wish Amazon could get the larger bags on subscribe and save! If you buy these make sure you have enough for everyone otherwise you may not get enough for yourself!!!"
430,0.0,0.617,0.383,0.9876,0.0016139905,0.0074673165,0.99091864,0.0011297934,0.19032712,0.808543,0.98879325,Positive,0.808543,B000G6RYNE,A1IRN1M05TPOVT,"Sharon M. Helfand ""Scrapper""",0,0,5,1331078400,Kettle potato chips:  Sweet onion,"WOW!  I have eaten quite a few potato chips in my day. Kettle chips are the BEST non-baked chips I have eaten. I decided to try the sweet onion chips, since I've never had them. I now have a FAVORITE!! If you like onions, this is a MUST buy! I will definitely reorder these, as I mentioned above, they are the BEST I have ever eaten! The flavor is GREAT."
431,0.04,0.786,0.174,0.9847,0.0061026174,0.026842132,0.9670553,0.016271833,0.2545895,0.72913873,0.96807694,Positive,0.72913873,B000G6RYNE,A1S8ELUE383P8E,"John F. Peters ""John Peters""",0,0,5,1330905600,Ridiculously Good,"I cannot say how much I love Kettle brand potato chips. Kettle brand has a large variety of unique flavors, and the quality of the chips themselves blows all other potato chips out of the water. The ingredients list is printed on each bag and the only thing really bad for it is the oil they are frying the chips in. I love that these aren't filled with nasty chemicals. I ordered the cheddar and sour cream krinkle cut ones which are great but I was torn between the <a href=""http://www.amazon.com/gp/product/B0048IFUSC"">Kettle Brand Potato Chips Fully Loaded Baked Potato, 2-Ounce (Pack of 24)</a> and the Jalapeno flavor. While I know the jalapeno flavor is good but this is way better. They include liquid smoke instead of actual bacon which I'm fine with since I've a vegetarian. I ordered this to give to guests coming from out of town for my wedding this spring and I can't guarantee how many I will have left. My fiance and I love these. The packaging is perfect for anyone who is giving these to kids to take for school lunches, or handing out in gift bags, even just for portion control."
432,0.0,0.73,0.27,0.9516,0.011265247,0.08173893,0.9069959,0.007885673,0.27621725,0.7158971,0.91249144,Positive,0.7158971,B000G6RYNE,A2OEUROGZDTXUJ,J. Graves,0,0,5,1327881600,Delicious!,"Now, I haven't done a side-by-side comparison, but these chips still taste like the real deal. These snack sized bags do as well as the regular brand at the grocery store I work for. Portion control AND reduced fat? Yes, please!  With the Subscribe & Save these are much cheaper than at the grocery store."
433,0.083,0.751,0.166,0.8044,0.018771239,0.049867243,0.9313615,0.038039867,0.26020706,0.701753,0.88013315,Positive,0.701753,B000G6RYNE,A17V3UVYMI69TE,Patrick Tran,0,0,4,1327363200,PUCKER UP,"I love Kettle Brand Chips!<br />I've been in love with the Honey Dijon for years and decided to try out their other flavors.<br /><br />Sea Salt & Vinegar Chips are TANGY, SOUR, and make my lips pucker when I eat too many at a time.  I got 12 big bags for a steal from amazon ($11 WHAT?!?).<br /><br />Personally, the flavor is too much for me, but my mom & aunt LOVE them and they hate potato chips."
434,0.108,0.593,0.299,0.8655,0.059044287,0.07542489,0.86553085,0.073731005,0.23069742,0.69557154,0.8241906,Positive,0.69557154,B000G6RYNE,A22PUBSSNP54L,"G. Little ""value seeker""",0,0,5,1326672000,I love these chips.  They are thick and crunchy!,These chips are thick and crunchy.  I absolutely love them.  The taste is perfect.  I like to buy these smaller bags because I cant trust myself with a large bag of these because they taste no good.
435,0.0,0.771,0.229,0.9179,0.00684017,0.053331263,0.9398286,0.004788119,0.26863188,0.72658,0.9284618,Positive,0.72658,B000G6RYNE,A15USNEAJUXOSH,L. Schrank,0,0,4,1326067200,Quite good,"I enjoy these chips. I got these instead of my usual jalapeno ones from the same company for a bit of flavor change. I think those are better but only slightly, like the jalapenos there is a great amount of flavor without being too overpowering. The small bag size prevents you from overeating as with a larger bag."
436,0.0,0.829,0.171,0.8519,0.003727734,0.018019263,0.97825307,0.0026094138,0.26131347,0.73607713,0.9377377,Positive,0.73607713,B000G6RYNE,A15USNEAJUXOSH,L. Schrank,0,0,5,1326067200,Delicious,"I love these chips, I buy the 24 pack once a month. The bags are just the right size for snacking and prevent me from eating way too much with the larger bags. The jalapeno spice is subtle enough not to be overpowering but still gives you a great amount of flavor."
437,0.0,0.926,0.074,0.7383,0.0074360636,0.13899896,0.853565,0.0052052443,0.37509927,0.6196955,0.8137802,Positive,0.6196955,B000G6RYNE,A2BLJGGWN8GTXQ,Sean,0,0,5,1325721600,Salty and vinegary!!!,"These are the strongest tasting salt and vinegar chips I've had.  I could still do with more vinegar flavor, but I think this is as close as I'm going to get without dousing them with vinegar powder myself.<br /><br />I did a side by side with the Cape Cod salt and vinegar and these are about twice as flavorful.  Additionally, as other reviewers have said, they have quite a good bit of potassium in them (somewhere in the neighbor of 15% RDA per serving)."
438,0.0,0.887,0.113,0.6369,0.001158937,0.012277898,0.9865631,0.0008112559,0.27469453,0.72449416,0.88085294,Positive,0.72449416,B000G6RYNE,A1FXCNUVQ6FOMC,suzieg2,0,0,5,1322784000,WOW!!!!,"I have been ordering the sea salt chips for about a year.I love them,but my daughter picked some of these up at our local grocery store and now they are my new favorite.Will be ordering them."
439,0.0,0.728,0.272,0.87,0.0018007234,0.013664492,0.98453486,0.0012605063,0.22796515,0.7707744,0.94891393,Positive,0.7707744,B000G6RYNE,A926YP1BSD72Y,Shopper11,0,0,5,1321747200,Best gluten-free dairy-free chips,These are my favorite gluten-free dairy-free flavored chips.  Many other salt and vinegar chips contain dairy so it's nice to find ones that I can eat.  The vinegar flavor is really intense and good.
440,0.072,0.781,0.147,0.9307,0.19511527,0.46154115,0.34334368,0.15818068,0.5573788,0.28444058,0.38296986,Neutral,0.5573788,B000G6RYNE,A33PLZ7SD5MCG0,Patty Kaye,0,0,4,1315699200,A unique flavor for fans of Thai food,"These Kettle Brand potato chips in the Spicy Thai flavor really do taste like food I have eaten at a Thai restaurant. The ingredients listed include garlic powder, onion powder, parsley, jalapeno, and ""spices."" I'm not sure what other spices there are, but it sure tastes like lemongrass to me...yum. These chips are thick cut and very crunch. They come in a seriously heavy-duty bag. I tried to open it like I do regular chip bags by pulling the two sides apart; no way! The bag is so thick I wondered if it was plastic. I started looking for the scissors and decided that any company that put their chips in a bag this nice must have provided a way to open it. Sure enough, there is a small slit on the top and the simple directions ""tear here."" So easy. Why didn't I think of that."
441,0.078,0.793,0.129,0.5176,0.057659753,0.3548916,0.58744866,0.06376182,0.48632413,0.44991404,0.52613235,Neutral,0.48632413,B000G6RYNE,A3EEBE82C3HYRD,David,0,0,3,1304726400,"Honey Dijon leaves bad aftertaste, NY Cheddar are pretty good","Honey Dijon flavor: okay flavor, but both my girlfriend and I thought they left a bad aftertaste. The aftertaste is sort of like old cheese (presumably some folks like this... I'm not a fancy cheese eater), and it lingers for at least an hour. I'd give this flavor a rating of 2 stars out of 5.<br /><br />We have also tried the NY Cheddar flavor (4 stars), which we both liked better, and they didn't leave any long-lingering or bad aftertaste.<br /><br />I'd give the consistency of the chips 4 stars. The chips are crunchy, but also greasy enough that I keep a napkin near or wash my hands after eating Kettle Chips."
442,0.054,0.69,0.257,0.9683,0.0018980368,0.008375019,0.98972696,0.017528627,0.21286252,0.76990885,0.9819702,Positive,0.76990885,B000G6RYNE,A35JPD8Q492FJC,Firefly,0,0,5,1304640000,Yowzah!!,"For me, Kettle is the best brand on the market. They really know how to turn the humble potato into something fit for the gods! I didn't think anything could top their salt and pepper chips, but these are my new favorite. The flavors are pure and real. They go great with just about everything and are highly addictive! I hope they come out with a low fat version; their low fat chips are excellent but they need more flavors."
443,0.0,0.616,0.384,0.9603,0.0012334309,0.0070420704,0.99172455,0.0008634016,0.18972945,0.8094072,0.98143387,Positive,0.8094072,B000G6RYNE,A391CLP4UMXJQG,Dane King,0,0,4,1300924800,Very good.,Salt and vinegar chips are definitely my favorite type of any potato chip. These ones made by Kettle were very tasty and I enjoyed them thoroughly. I just wish there was a more healthy option with the same great taste.
444,0.044,0.898,0.058,0.1882,0.19155547,0.51430315,0.29414138,0.14728883,0.6294122,0.22329897,0.12827015,Neutral,0.6294122,B000G6RYNE,AYB4ELCS5AM8P,"John B. Goode ""JBG""",0,0,5,1300579200,Excellent!,"What I like about them:<br />1) Very thick chips.<br />2) No trans fat and all natural, according to the info on the bag.<br />3) Flavor, but that's a subjective thing.<br />4) 2oz bags, which keep you from eating too much at one time. Just set a limit of 1 bag.<br /><br />Cons:<br />As another reviewer said, there's a lot of oil in them chips. What I do is place a paper napkin on a plate and pour the chips on them. Wait a few mins before eating and the napkin will soak some of the oil off. It seems gross that there is so much oil on the chip that a napkin will soak it off, but it's true! And at least this way, you'll get rid of some of the oil."
445,0.055,0.873,0.072,0.0935,0.018945182,0.1761637,0.8048911,0.029761627,0.3852146,0.58502376,0.57821214,Positive,0.58502376,B000G6RYNE,A2GOE7ITDGYVE,Lee Brownell,0,0,5,1297900800,Tangy goodness.,"These are so tangy it prevents me from eating too many, a handful or two does the trick. Very crisp and savory."
446,0.077,0.78,0.143,0.3699,0.50970507,0.31241643,0.17787851,0.37989354,0.4526915,0.16741496,-0.121308565,Neutral,0.4526915,B000G6RYNE,A19G8B2QYETD7W,NyahNyah,0,0,3,1297555200,Heavy on the Vinegar,"I usually love Kettle Chips, and love salt & vinegar, but these chips were way too vinegary for me! They do have the typical kettle chip crunch, but are too aggressively flavored for my taste."
447,0.042,0.763,0.195,0.9883,0.0135505255,0.09274993,0.8936995,0.022085369,0.29382494,0.68408966,0.9125943,Positive,0.68408966,B000G6RYNE,A3PZ4AXTY9J1DZ,Jason Ralsky,0,0,4,1295913600,"A delicious, crisp chip with good flavor","I have always been a fan of Kettle chips.  When you open a bag of Kettle chips you know you are going to get quality.  These chips are no exception and live up to the name printed on the package.<br /><br />The New York Cheddar chips  have a very subtle flavor to them.  You can taste the cheddar in them; but it doesn't smack you in the face like supermarket brand chips might.  The taste lingers as well which is a definite plus!<br /><br />Another aspect about these Kettle chips is the fact every chip is nice and crisp, that crunch in your mouth.  On top of that there are no burnt chips in any of the bags I have had since the purchase.  The only negative I might have is that the flavoring of the chips is uneven.  Some chips might pack a nice cheddar punch while another might taste rather plain.  This isn't a big flaw as it happens when getting seasoned and doesn't ruin the bag at all.<br /><br />Overall the quality of the chips is fantastic.  The flavor is great and you wont' be disappointed , especially if you are a cheddar lover!"
448,0.0,0.713,0.287,0.967,0.002935744,0.011815014,0.9852492,0.0020550208,0.2221705,0.7757744,0.9777193,Positive,0.7757744,B000G6RYNE,ACFPHOYVB71V4,karob,0,0,5,1292630400,BEST BUY in BBQ Chips,Tried many varieties of BBQ chips and hands down these are the BEST on the market! These R not too salty or greasy. Great crispy crunch. Plenty of good BBQ flavor with a hint of sweetness that all other brands fall short of. Every bag (after bag) is just as mouth wateringly delicious as the 1st!!
449,0.0,0.737,0.263,0.8531,0.0017834365,0.009716066,0.9885005,0.0012484055,0.22790125,0.7708503,0.9466319,Positive,0.7708503,B000G6RYNE,A1H80WDFOR94Q5,Injured Panda,0,0,5,1290556800,Love Them!,"Kettle chis are the best ever! These used to be my favorite flavor until I tried their Salt and Pepper kind but I'm sure this is just a personal preference.<br /><br />Crunchy, real potato chips!"
450,0.0,0.845,0.155,0.6908,0.0036159446,0.047053885,0.94933015,0.0025311613,0.28643775,0.71103114,0.86924005,Positive,0.71103114,B000G6RYNE,A3Q5YZNYGGUP8W,cppme,0,0,5,1290297600,Crunchy and Tasty,"These chips have the right amount of crunch and I enjoy the taste. Chips are consistent and have a fairly even distribution of seasoning. I like the 2-oz size bags, just the right amount of chips."
451,0.034,0.743,0.223,0.9873,0.0053236927,0.040369086,0.95430726,0.013926585,0.25115836,0.7349151,0.9604784,Positive,0.7349151,B000G6RYNE,AKRLMISQPL8QW,B. Sanders,0,0,5,1289174400,Convenience at low cost,"I subscribed to these - one case every three months. That comes out to about $5 a month for the convenience of having my favorite chips handy whenever I want. Because it seems Frito-Lay has managed to crowd out every other chip vendor from pretty much all my local stores this is the best way to ensure a steady supply of the items I want rather than the items Frito-Lay wants me to have. The two ounce bags are larger than you might be used to buying at the Subway (for example) which I find works very well - they're large enough to be a good snack on their own, or you can even share a single bag over lunch. The size is perfect for ensuring these fantastically crunchy chips are always fresh - no chip clip needed!<br /><br />The only problem? I subscribed to four cases a year and having these yummy chips always in the pantry makes it really easy to increase ones Kettle chip consumption. Definitely have to hide the case from the kids!"
452,0.054,0.782,0.164,0.9337,0.12190918,0.2400371,0.6380537,0.10153642,0.40262598,0.4958376,0.64141107,Positive,0.4958376,B000G6RYNE,A2MUGFV2TDQ47K,"Lynrie ""Oh HELL no""",0,0,3,1288915200,An Acquired Taste,"OK,I did read the reviews which ranged from splendid to awful. I took the plunge as I do like salty, and tangy flavors. No, I had never had these before I took the leap and ordered a case at a super price. They arrived quickly and in great shape with the sell by date  FEB 2011. Umm, I'm in the middle on these chips, they are OK but not something I can't live without. I love the crunch, the color, NO TRANS FAT. They are a little too vinegary for my taste, which is a lot coming from a kid that grew up eating pickled hard-boiled eggs and pickled pigs feet.<br /><br />I haven't tried them with a deli sandwich and a cold mug of beer which might improve the experience :)"
453,0.0,0.5,0.5,0.943,0.0017866727,0.004914191,0.9932991,0.0012506709,0.15343994,0.8453094,0.97695875,Positive,0.8453094,B000G6RYNE,A1465JH39KR5O5,persia,0,0,5,1287360000,Best deal ever!,"This was the best deal ever. The delivery was fast, the chips are delicious and very fresh.  Love it:)"
454,0.0,0.603,0.397,0.8811,0.0012915949,0.007356497,0.99135196,0.00090411643,0.18604954,0.81304634,0.9573722,Positive,0.81304634,B000G6RYNE,A1L17QW3R7A519,The Boom,0,0,5,1281571200,Yum!,My husband and I LOVE these chips! Personally I think the flavor is perfect. Try them for yourself!
455,0.0,0.699,0.301,0.9619,0.0015823978,0.014091792,0.9843258,0.0011076785,0.21956426,0.7793281,0.9764904,Positive,0.7793281,B000G6RYNE,AOSFLVLMAG0N5,"Gloria E. Clements ""thistle809""",0,0,5,1266710400,Barbeque perfection,"The barbeque flavor of these chips is really perfect! Just spicy enough, a hint of sweetness, just a little smokey. The chips themselves are extra crunchy and just thick enough to be substantial, but not hard. This makes for a wonderful snack or a great accompaniment for burgers, hot dogs or brats, chicken or just about any casual entree."
456,0.082,0.854,0.064,-0.4854,0.12627174,0.24591677,0.6278115,0.112990215,0.42834172,0.45866802,0.20545769,Positive,0.45866802,B000G6RYNE,A2H2Q5RW1K56AI,a Thai living in MN,0,0,5,1263945600,Excellent Thai-flavored chip,"I was hesitant to buy this at my local grocery store, Lunds, but they were on sale, so I bought a bag.  I've found that going beyond the simply-flavored chips, like cheddar or vinegar, usually results in disappointment.  Tried the Thai or asian-inspired chips by Target, Archer Farms, and they were awful.  These Kettle Spicy Thai chips are just awesome...so much so, that I'm considering buying them in bulk from Amazon.  The taste is complicated and stimulates different parts of the palate.  The taste sensations prevalent in real Thai food is baked into this chip...sweet, salty, spicy.  Was sour in there too?  I don't know, but this is a well-made well-balanced chip that is addicting."
457,0.0,0.684,0.316,0.926,0.0030426534,0.03055805,0.9663993,0.0021298574,0.22659063,0.7712795,0.9521496,Positive,0.7712795,B000G6RYNE,A13VD7TJDWVOEC,Deborah E. Bumpus,0,0,5,1258329600,Best Kettle Chips!,"As a professional potato chip muncher, I see these as thee very BEST on the market. Rich taste and flavor!! Almost impossible not to finish the entire bag.The true meaning of decadence!"
458,0.0,0.564,0.436,0.9642,0.0016372128,0.007896161,0.99046665,0.001146049,0.17472732,0.82412666,0.98144054,Positive,0.82412666,B000G6RYNE,AKKQKYX8ODUAF,"Jordan B. Sanders ""Vortigern Trygil""",0,0,5,1258070400,The Supreme Salt & Vinegar,"These are hands-down the absolute best Salt & Vinegar chips you can buy.  They have a great, strong flavor that has left me addicted.  These are certainly my favorite chips.  I highly recommend trying them!"
459,0.045,0.717,0.239,0.8455,0.0027739545,0.009467643,0.98775834,0.015441769,0.22172736,0.7631308,0.9431391,Positive,0.7631308,B000G6RYNE,A3RB0YBBYGXBYE,"Matt C. ""Mattman""",0,0,5,1256083200,Delicious as always!,"Oh, I love these chips! And they're so hard to find where I am, and when I do find them, they're usually $1-2 more per bag for less. Great that these are so cheap here at Amazon."
460,0.066,0.743,0.19,0.9481,0.0072298036,0.019606499,0.9731637,0.024860863,0.23662455,0.73821455,0.9605837,Positive,0.73821455,B000G6RYNE,A3492ZW10B65ON,"P. Young ""Sugahplumm""",0,0,5,1250640000,OooH Yummy!,"I LOVE these chips!  It is a little weird to review potato chips.  But these chips are great. The crunch is just right, plus they have just the right amount of salt. Not to salty not too bland. They are a little oily but that's ok. The best thing is the 2 oz package. When I buy a larger bag it's harder to resist eating them all.  This 2 oz package allows for a little ""portion control"". Be sure to use your scissors to open, 'cause these chips are packaged for freshness and don't open easily. Enjoy!"
461,0.08,0.821,0.099,0.4883,0.51744324,0.35891366,0.123643115,0.38621026,0.49753958,0.11625017,-0.12917012,Neutral,0.49753958,B000G6RYNE,A2ZEFDVX4X5TPX,"Thomas A. Roberts ""tomrgalvtx""",0,0,4,1249430400,Not quite the best...,"In the past couple years I have eaten and reviewed several kinds and styles of chips,  from the best I've ever had to big disappointments.  If you have eaten the LantChips varieties, there is no way that they are not the best as a group; the Kettle chips are rightly salted and I was so irritated by some Pringles products.  Kettle has good flavor but the small size and overwhelming oiliness takes away from the flavors.  All in all, its good to have choice--Amazon does not stock the LantChips all the time so there are some days that there is no choice."
462,0.037,0.87,0.093,0.34,0.42455143,0.42806128,0.14738728,0.30828598,0.5606429,0.13107109,-0.09201491,Neutral,0.5606429,B000G6RYNE,A2MMTWKCJET6S,T. judy,0,0,4,1245110400,want to gaain twenty pounds with no control whatsoever? Buy this!,"these chips are good, and bad, and create moral dilemmas constantly. If wou are strong at will, or having a large BBQ go for it, but as for me, i was in the habit of bringing a new bag to work every three days, had to put in a lot of time on the treadmill to make up for it. BEWARE"
463,0.099,0.794,0.108,0.5983,0.14180106,0.28075904,0.5774399,0.12896074,0.4347313,0.43660793,0.48443723,Positive,0.43660793,B000G6RYNE,A3RMGIKUWGPZOK,Jean Visnefski,0,0,5,1245024000,One of Their Best Flavors,"Kettle Chips flavors can be hit or miss.  Some of their flavors are terrible.  But this is very simple and delicious.  Probably one of their best flavors.<br /><br />Pros: Thick, crunchy potato chips with light salt that doesn't compromise on taste, eco-friendly business that isn't just giving us lip service<br /><br />Cons: The occasional burnt chip and the bag is a pain to open.  They have a tab that you can pull down but most of the time I end up tearing down the entire side of the bag.  Use scissors instead."
464,0.019,0.868,0.113,0.8443,0.0694312,0.30800328,0.6225655,0.05430184,0.47600228,0.46969584,0.640484,Neutral,0.47600228,B000G6RYNE,A1E2Y40TTPL8YK,EJH,0,0,5,1244678400,Love these chips!,"We bought these chips at a little sandwich shop in Sonoma while we were on vacation. I wasn't sure what to expect by the package, and at first bite I didn't know what to think...and then all of the flavors hit!<br />Yum! They are a bit spicy, but nothing overpowering. Just lots of crunchy, sweet, spicy goodness. They aren't sold everywhere though, I'm still trying to find them somewhere close to where I live."
465,0.0,0.838,0.162,0.7823,0.0043164343,0.0119086,0.98377496,0.003021504,0.259736,0.73724246,0.920311,Positive,0.73724246,B000G6RYNE,A56JFSLUCHI4J,"Chi ""Who loves to find bargains and lives a g...",0,0,5,1237334400,Highly addicitive chips,"I have to admit that those chips are so good that they are highly addictive. I can't stop eating them!!! It's crunchy and seasoned at the right amount of flavor and salt. Just perfect!!! Believe me, some chips are so salty, I can't finish a small bag. But this one... I just keep on eating!"
466,0.0,0.772,0.228,0.9606,0.0016010238,0.006990754,0.99140817,0.0011207167,0.23649353,0.7623857,0.981045,Positive,0.7623857,B000G6RYNE,A1DW1FK1H3F2TM,EuReka,0,0,5,1231977600,These are AWESOME!,These are some of the best chips that I have ever had... They sure beat anything else out there and are even cooked in a way that is better for you than most other name brands. They are tangy and crisp and satisfy any craving at the time! These will be the only chips that I buy from now on and I thank amazon for letting me buy them online in bulk and save some money at the same time!
467,0.009,0.845,0.147,0.9874,0.006954101,0.11868075,0.8743652,0.0075678704,0.33657655,0.65615565,0.9034078,Positive,0.65615565,B000G6RYNE,A3PJZ8TU8FDQ1K,Jared Castle,0,0,5,1231718400,"One bite and you'll become a ""chippoisseur""","I'm addicted to salty and tangy flavors, so when I opened my first bag of Sea Salt & Vinegar Kettle Brand chips I knew I had a perfect complement to my vegetable trays of cucumber, carrot, celery and cherry tomatoes. Skip the dip; balance the tangy chips by alternating bites of raw vegetable.<br /><br />As an Oregonian, I'm proud to share these delectable snacks with friends, especially those living outside our state and who haven't experienced gourmet chips. I tell them Kettle Brand does for potato chips what microbrews did for beer.<br /><br />Kettle Brand potato chips are unmistakable--a light gold color, rich flavor and amazing crunch. Kettle Brand chips are also a healthier snacking option than the major chip brands. Kettle Brand chips don't have trans fats, MSG or artificial flavors and colorings. The company also has a line of organic potato chips and all of their products are certified Kosher.<br /><br />I also recommend <a href=""http://www.amazon.com/gp/product/B000G6MBV4"">Kettle Chips Honey Dijon</a> and <a href=""http://www.amazon.com/gp/product/B000G6Q4GM"">Kettle Chips Spicy Thai</a>.<br /><br />Annette Solomon, a reporter for the Salem Statesman Journal recently noted that a glass of wine goes nicely with these chips. Solomon wrote, ""...you could be missing out on a wonderful pairing. These chips are spicy, so you would want to select a semi-sweet white wine. Also, a moderate amount of acid will subdue the strong flavors of ginger, lime, garlic and cilantro without over-powering them. Classically, a German-style Riesling fits these parameters perfectly."""
468,0.008,0.818,0.174,0.9926,0.004944499,0.10956265,0.8854928,0.005861149,0.32209384,0.672045,0.9141637,Positive,0.672045,B000G6RYNE,A3PJZ8TU8FDQ1K,Jared Castle,0,0,5,1231718400,"Crunchy, salty, sweet...finally, a Superbowl snack that scooores!","These Honey Dijon chips bring a terrific balance of salty, tangy, sweet and crunchy. Other brands I've tried use too much mustard flavor, which overpowers the Honey Dijon pairing.<br /><br />These chips make a great side dish on a BBQ plate with baked beans, coleslaw or potato salad and grilled meat. Naturally, they also go down great with beer.<br /><br />As an Oregonian, I'm proud to share these delectable snacks with friends, especially those living outside our state and who haven't experienced gourmet chips. I tell them Kettle Brand does for potato chips what microbrews did for beer.<br /><br />Kettle Brand potato chips are unmistakable--a light gold color, rich flavor and amazing crunch. Kettle Brand chips are also a healthier snacking option than the major chip brands. Kettle Brand chips don't have trans fats, MSG or artificial flavors and colorings. The company also has a line of organic potato chips and all of their products are certified Kosher.<br /><br />I also recommend these other Kettle Chips flavors: <a href=""http://www.amazon.com/gp/product/B000G6MBUA"">Kettle Chips Sea Salt & Vinegar</a> and <a href=""http://www.amazon.com/gp/product/B000G6Q4GM"">Kettle Chips Spicy Thai</a>.<br /><br />Annette Solomon, a reporter for the Salem Statesman Journal recently noted that a glass of wine goes nicely with these chips. Solomon wrote, ""...you could be missing out on a wonderful pairing. These chips are spicy, so you would want to select a semi-sweet white wine. Also, a moderate amount of acid will subdue the strong flavors of ginger, lime, garlic and cilantro without over-powering them. Classically, a German-style Riesling fits these parameters perfectly."""
469,0.049,0.951,0.0,-0.3595,0.007455876,0.049894556,0.94264954,0.019919112,0.32022616,0.65985465,0.5467856,Positive,0.65985465,B000G6RYNE,AU3VZDTQH0J4M,C. Charles,0,0,5,1231545600,These chips make me weak at the knees,These chips remind me of a long obsolete brand of chips we could get in middle school. They are by far the tastiest chips I've had and it's impossible to walk past the aisle without picking up the trademark blue bag and then putting the bag clip on the bag!
470,0.0,0.957,0.043,0.25,0.0024990672,0.025668927,0.971832,0.0017493471,0.30506822,0.69318235,0.753533,Positive,0.69318235,B000G6RYNE,A3B0HXAUWCLSZO,MisterStorm,0,0,5,1221436800,By far my favorite chips,"These are by far my favorite chips, they are extremely crunchy (similar to other Kettle style chips), but it's the extreme Vinegar flavor that differentiates these from lesser fried potato snacks.  I've tried several other brands of Salt and Vinegar and none of them come close."
471,0.051,0.676,0.273,0.9749,0.03436215,0.1448882,0.82074964,0.039353505,0.30422175,0.65642476,0.8429413,Positive,0.65642476,B000G6RYNE,A17UR3NRLARXCH,"W. Muckelroy ""Chawk68""",0,0,4,1221091200,"Good chips, more cheese","They are good but need more cheese and wish they were krinkle cut. I much prefer the salt & pepper just for the krinkle cut - they have a better texture. All around this brand is much better than Frito-Lay and a good price on Amazon when you get free shipping. These are similar to Tim's or Zack's chips in that they are very crispy.<br /><br />On a side note, these are the hardest bags to open by hand. I have to use a knife or scissors everytime."
472,0.0,0.565,0.435,0.9649,0.013430184,0.10987388,0.87669593,0.009401129,0.24641171,0.7441872,0.89375603,Positive,0.7441872,B000G6RYNE,A31N6KB160O508,Fran W.,0,0,4,1219795200,Pretty good tasting chip,It took a while to get used to these chips but they are pretty good and more healthy for you. They sure were eaten all up by my family and friends.
473,0.0,0.686,0.314,0.7506,0.0033767207,0.02337385,0.97324944,0.0023637044,0.2221617,0.7754746,0.9040909,Positive,0.7754746,B000G6RYNE,A339FKUBFG0VLX,the Poodle,0,0,4,1217376000,Yummy chips,"These are delicious.  The 2 oz bags are a bit big for school lunches, definitely more than a serving."
474,0.013,0.75,0.237,0.9828,0.0176033,0.0728126,0.90958405,0.01622231,0.27596882,0.7078088,0.9192264,Positive,0.7078088,B000G6RYNE,A3MLESXA2VGWJC,CV,0,0,4,1217376000,Best sour cream & onion chip I've had,"I recently tried this flavor/brand and was surprised at how delicious these chips are.  The best thing was that there were a lot of ""brown"" chips in the bsg (my favorite), so I bought some more through amazon and shared with family and friends.  I am a little disappointed that there are not, so far, very many brown chips in these bags, but the flavor is still very good.  I like them better than the yogurt and green onion flavor because they do not seem to be as salty, and the onion flavor is better.  If you haven't eaten Kettle chips before, I recommend that you try a bag before buying bulk.  They are thicker and crunchier than Lays but just as fresh out of the bag."
475,0.0,0.585,0.415,0.9095,0.0014492891,0.007523307,0.9910274,0.0010145024,0.18076631,0.8182192,0.9655547,Positive,0.8182192,B000G6RYNE,A3UCO7B9HP42BG,Denise Graner,0,0,5,1217203200,Great chips,"We are always pleased with Amazon's packaging. Chips are never crushed or broken, always fresh. We really liked this brand/flavor of chips. Very tasty!"
476,0.066,0.614,0.32,0.9684,0.0035778831,0.011040158,0.98538196,0.022304518,0.19192812,0.7857674,0.97778285,Positive,0.7857674,B000G6RYNE,A1DOBB5XZ1KMZ5,"A. M. L. Hentz ""AnneMarie""",0,0,5,1217030400,Fabulous!,"These chips are some of the best I've tasted. They are not filled with chemicals. You taste the tangy vinegar as well as the potato. Not greasy. Perfectly crispy. If you don't like salt and vinegar tanginess, don't even bother to try. These definitely have zip. I love them. My children and their friends love them. Even my 4 year old loves them!"
477,0.034,0.728,0.238,0.8555,0.0015812085,0.013900239,0.9845185,0.0113068465,0.22813016,0.76056296,0.9447062,Positive,0.76056296,B000G6RYNE,A3I96LKK3S15D0,"R. Wheeler ""Pryd""",0,0,5,1215993600,Box-o-Chips,"These chips were a great deal.  Kettle was having a special deal for the case of chips.  They are hard to find in Vegas and are my favorite flavor. Shipping was very fast, sooner than expected."
478,0.0,0.823,0.177,0.6239,0.021452874,0.07885055,0.8996966,0.015017011,0.30209538,0.6828876,0.80194056,Positive,0.6828876,B000G6RYNE,A2LS9RBSI8SDZF,Ashish Shah,0,0,5,1215475200,fantastic!you can not beat this taste and you can not resist to it only one if you are spice lover,fantastic!you can not beat this taste and you can not resist to it only one if you are spice lover
479,0.245,0.652,0.103,-0.3855,0.1873236,0.50657755,0.30609885,0.20462653,0.5502043,0.2451692,-0.0325073,Neutral,0.5502043,B000G6RYNE,A324FVIOYCWNSB,"Eric BVD ""Eric""",0,0,4,1215302400,An addictive potato chip,Eat at your own risk.  Once I would open a bag I could not stop.  Good and salty.
480,0.0,0.435,0.565,0.9935,0.0023286159,0.013533923,0.98413754,0.001630031,0.13997374,0.85839623,0.98531616,Positive,0.85839623,B000G6RYNE,A1RRHET1QIP1YK,Daniel Hill,0,0,5,1215302400,Great Chip!,"I don't eat many chips, but these I love. Great buy and arrived quick and packed great. Expiration date is a ways away, so I have awhile to enjoy them Great natural potato flavor. I love brown russet, hardy flavor and these fit that description to a tee."
481,0.022,0.728,0.249,0.9451,0.021744207,0.065837406,0.9124184,0.021820944,0.2644862,0.7133929,0.907002,Positive,0.7133929,B000G6RYNE,A12OF4IM7A8YS,"Norman Tang ""Amazon Norman""",0,0,5,1215216000,"Excellent balance of taste, crunchiness, and moisture",I simply fell in love with these chips and refused to share them with my friends.  :))  My experience with a lot of cheese-favored chips has been too salty and a little over the greasy side.  But these NY Cheddar from Kettle really changed my mind.  Thanks to Amazon for great discounts and I don't have to buy them from the store anymore.
482,0.0,0.605,0.395,0.9079,0.0013218182,0.00969551,0.9889826,0.00092527276,0.18828686,0.8107878,0.9637325,Positive,0.8107878,B000G6RYNE,AUHS7PQNAHNDI,"C. Graube ""pup friend""",0,0,5,1215216000,Yum,Bought this box of chips as a Father's Day gift because Dad loves them.  They are very yummy and more substantial than regular chips.
483,0.0,0.862,0.138,0.3384,0.0016637421,0.012073511,0.9862627,0.0011646195,0.26705146,0.73178387,0.7907392,Positive,0.73178387,B000G6RYNE,A26ONAQEIUEMV4,"Dolores Swan ""Swannie""",0,0,5,1215129600,Very good chips at a great price.,"These chips are quite tasty and the price is right.  Packaged very well, would buy again."
484,0.088,0.767,0.145,0.4516,0.8551749,0.125341,0.019484079,0.6250224,0.3178387,0.057138853,-0.44950354,Negative,0.6250224,B000G6RYNE,AOHRHPJP38LLT,"S. Samoranos ""Inspired cook""",0,0,2,1214784000,70% of the chips in the bag are over cooked,I like Kettle chips but was really disappointed with this order because they were over cooked.  I bought a bigger sized bag from Costco and the chips were all cooked perfectly. So I don't know why these were different.<br />Will never buy these chips from here again.
485,0.0,0.761,0.239,0.8547,0.08030057,0.22237752,0.6973219,0.0562104,0.38396427,0.5598253,0.6883249,Positive,0.5598253,B000G6RYNE,A1AXXMJQ3NDIFK,Barbara A. Puckett,0,0,5,1214697600,Great chips!,For some reason Amazon would not ship these to Alaska!..so I sent them to my grandchildren who got to enjoy them.  They are very good chips! Amazon should rethink the shipping to Alaska thing.  I would order groceries online.
486,0.0,0.818,0.182,0.9224,0.009655739,0.10773233,0.8826119,0.0067590172,0.32081264,0.6724283,0.88778925,Positive,0.6724283,B000G6RYNE,A31N6KB160O508,Fran W.,0,0,4,1214006400,Not bad but a little hard to get used to,"My husband likes these a lot. They are a bit different to get used to as they are less greasy and salty in taste than the usual chips you buy. They are more browner than I would like to see and the chips are pretty sturdy in texture. Not bad, though. Just takes getting used to eating chips better for your health. They do have about 1/2 the calories in fat, however."
487,0.0,0.909,0.091,0.296,0.1617848,0.5413799,0.2968352,0.113249354,0.6516659,0.23508465,0.1833353,Neutral,0.6516659,B000G6RYNE,A31N6KB160O508,Fran W.,0,0,4,1214006400,Firm quality chip,"Just got this order and it is ok. A bit light on the cheddar flavoring and herb taste eludes me, if it is there."
488,0.179,0.707,0.114,-0.3723,0.7104638,0.19951272,0.09002349,0.5510247,0.3517589,0.09721644,-0.5459983,Negative,0.5510247,B000G6RYNE,A1WQ3UGXPT15VI,"JavaJewel ""It's all  water under the bridge...""",0,0,2,1213920000,Not  Very Creamy or Chivey...,"I really love Kettle brand chips, but these are rather disappointing. There is very little sour cream or onion flavor."
489,0.0,0.861,0.139,0.9598,0.10650112,0.32596108,0.5675378,0.07455078,0.48647276,0.43897644,0.6106657,Neutral,0.48647276,B000G6RYNE,A1B05INWIDZ74O,M. A. Ramos,0,0,3,1213142400,Prefer other flavors,"I took one and said good Russet potato chip but I found that the flavoring was subtle for my taste, a bit oily and overcooked. It may be because I am use to eating their great tasting <a href=""http://www.amazon.com/gp/product/B000G6Q4GM"">Kettle Chips Spicy Thai, 2-Ounce Bags (Pack of 24)</a>. Or perhaps because all the chips in the bags I received were overcooked and that overpowered the seasoning. It is obvious the chips are flavored, but if I did not read the bag I would never have thought it had Cheddar flavor. And I love New York Cheddar. The flavoring included Parmesan, Cheddar, Blue Cheese, garlic and other spices. A good chip even when overcooked, but I do not plan to buy them again."
490,0.0,0.763,0.237,0.9788,0.0017469608,0.017913941,0.9803391,0.0012228725,0.24143976,0.7573374,0.9786546,Positive,0.7573374,B000G6RYNE,A1B05INWIDZ74O,M. A. Ramos,0,0,5,1212451200,These will be habit forming!,"I took one and said good Russet potato chip but where is the flavoring? Then all of a sudden, within seconds, it spread to my senses and my taste buds were happy. As close to Thai food as a potato chip can get.  These chips are spicy enough to satisfy that craving for spice and a hint of sweetness that makes them habit forming. The flavoring included garlic, ginger, jalapeno, cilantro and other spices, and it just felt great to eat these. I will buy these again. These were a treat."
491,0.055,0.704,0.241,0.9287,0.6072712,0.28218263,0.110546164,0.44158983,0.40872782,0.14968231,-0.06909752,Negative,0.44158983,B000G6RYNE,A3TEMXOLE1APPZ,"A. Nichols ""upteeajn2""",0,0,2,1210809600,Good and tangy,"I agree with the other review, these chips are not for a sore mouth or tender gums. The chips are very hard and the taste is delightful if you enjoy the salt/vinegar combo. Unfortunately, every bag I received in that case was over cooked! They were very dark and only a few golden brown chips in each bag. They definitely need to improve that!"
492,0.0,0.717,0.283,0.9367,0.0020512622,0.013804731,0.984144,0.0014358835,0.22476332,0.7738008,0.96847486,Positive,0.7738008,B000G6RYNE,A2OAYIM13WIXCH,"Mary D. Haper ""Gramma to 3 boys""",0,0,5,1206662400,the best chips ever,We love Kettle Chips Lightly Salted and don't feel guilty eating them!  We used to buy them at Whole Foods but buying from Amazon has saved us money.  We have purchased at least 3 times and have been happy with the chips and the delivery.
493,0.056,0.855,0.089,0.5976,0.17750026,0.30946046,0.5130393,0.14105017,0.47312233,0.38582748,0.4141574,Neutral,0.47312233,B000G6RYNE,A2BFFXK7TEINBE,Paul D. Ossman,0,0,5,1203638400,I do not even like kettle chips and I love these,"A friend of mine brought these into work with the claim , ""these will change your life!""  While my life is fairly unchanged, I cannot get enough of these chips . . . . and I do not even like kettle chips.  For the most part, I find Kettle Chips to be too thick and greasy, but the flavor of these chips is amazing!  The are the type of hot that is refreshing.  If you do not enjoy spicy or hot things . . . try these anyway, they may convert you."
494,0.1,0.645,0.254,0.6486,0.2951779,0.53552145,0.16930062,0.23662454,0.568365,0.19471043,0.106465936,Neutral,0.568365,B000G6RYNE,A3N9DN0V2YXAXA,musicalcharge,0,0,5,1203638400,You have to love sea salt and vinegar already,"But if you happen to, like me, there is no better sea salt and vinegar chip I've found in this country."
495,0.0,0.788,0.212,0.9743,0.00448608,0.027288686,0.9682253,0.0031402558,0.25550207,0.7413577,0.96690726,Positive,0.7413577,B000G6RYNE,A2C5BWOM7329UD,Jason T. Stevens,0,0,5,1203465600,Addictive,"These are the best potato chips I've ever tasted.  It's easy to go through half of a bag without stopping.  The texture/crunchiness is just perfect, as is the salt and vinegar combination.  I don't know how they taste so much better than all of the other chips I've ever had, but they do.  And, judging from the nutrition facts, they seem to be healthier, too.  They're somewhat fibrous and have a good bit of potassium and vitamin c, which could be because they don't skin the potatoes and the chips are a bit thicker than normal.<br /><br />And if you like these, all of the Kettle chips are great."
496,0.0,0.554,0.446,0.9725,0.0019062863,0.009861645,0.9882321,0.0013344004,0.17310315,0.8255625,0.982178,Positive,0.8255625,B000G6RYNE,APGAA43E3WPN7,Darren,0,0,5,1201392000,amazing chips,"i rarely eat chips but i saw these and tried them. they are really amazing. i love cheddar too, but the chips are really thin and crunch and delicious flavor. i recommend them."
497,0.059,0.799,0.142,0.7833,0.004415366,0.034215324,0.96136934,0.020790756,0.26365072,0.7155585,0.9048579,Positive,0.7155585,B000G6RYNE,ABR7HU5H1KNE,Keith,0,0,5,1196726400,Best Chip Ever,"This is easily the best potato chip that I have ever had.  Look at the ingredients:  Ginger and 3 types of hot pepper.  How can you go wrong?<br /><br />Obviously, not for you if you don't like spicy food. But, if you DO like spicy food, you'll probably love these.  They have that hot-with-a-hint-of-sweetness flavor combo that is prevalent in a lot of Thai food."
498,0.025,0.762,0.212,0.9848,0.0064265393,0.07453738,0.91903603,0.011998577,0.28077617,0.7069252,0.93426657,Positive,0.7069252,B000G6RYNE,AJQD2WWJYOYFQ,bubbles,0,0,4,1186617600,"Tangy, spicy, and sweet- oh my!","Kettle Chips Spicy Thai potato chips have the perfect amount of sweet, savory and spicy-- everything you'd want in a good meal or better yet...a potato chip.  Since these are kettle-cooked, the chips are uniquely shaped and are sometimes a bit over-browned.  They are, however, sliced just perfectly, not too thick, not too thin, so you can actually get a great crunch with each bite without breaking a tooth off.  The flavor is tremendous, although I wouldn't describe it as Thai.  It's more of a vague, sweet and tangy flavor with a kick, and every now and then you get a great big hit of ginger.  If you like any spice at all, these really are not overly spicy, so most people can handle them.  The fact that these chips have absolutely no artificial ingredients or trans fat makes them a fabulous addition to any muncher's snack cupboard."
499,0.041,0.904,0.055,0.128,0.86561424,0.11936584,0.015019879,0.61823,0.3547561,0.027013915,-0.557016,Negative,0.61823,B000G6RYNE,A16YH487W9ZYO0,Bruce G. Lindsay,0,0,4,1184198400,An indulgence with a bite,"Okay, I should not eat potato chips, nor should anyone.<br />But these are so spicy, I would find it hard to eat<br />very many. That makes them an indulgence that<br />rescues some people from overindulgence."
500,0.0,0.678,0.322,0.9811,0.0024397583,0.011327226,0.986233,0.0017078308,0.21132906,0.7869631,0.98298526,Positive,0.7869631,B000G6RYNE,A83YQC1XOU4CS,J. Baker,0,0,5,1183420800,The best I've had,"I don't write very many reviews but I have to say that Kettle Brand chips are the best I have ever tasted.  Every flavor is dynamite.  If you are feeling iffy about honey dijon, I would recommend cheddar beer, absolutely amazing.  And they're healthy!  (besides a lil fat)  I have eaten a lot of chips in my day and Kettle takes the cake.  Enjoy, and don't eat them too fast."
